Date	GS
1999-05-04	70.38
1999-05-05	69.13
1999-05-06	67.94
1999-05-07	74.13
1999-05-10	70.69
1999-05-11	70.63
1999-05-12	73.5
1999-05-13	74.25
1999-05-14	70.19
1999-05-17	68.63
1999-05-18	68.63
1999-05-19	69.31
1999-05-20	68.38
1999-05-21	67.5
1999-05-24	65.31
1999-05-25	64.5
1999-05-26	66.06
1999-05-27	67.75
1999-05-28	67.94
1999-06-01	64.19
1999-06-02	63.25
1999-06-03	63.63
1999-06-04	65.38
1999-06-07	65.94
1999-06-08	63.75
1999-06-09	65.5
1999-06-10	63.38
1999-06-11	62.94
1999-06-14	61.25
1999-06-15	62.75
1999-06-16	65.25
1999-06-17	65.0
1999-06-18	64.81
1999-06-21	69.5
1999-06-22	68.0
1999-06-23	65.0
1999-06-24	65.06
1999-06-25	66.25
1999-06-28	66.56
1999-06-29	67.75
1999-06-30	72.25
1999-07-01	70.81
1999-07-02	70.94
1999-07-06	70.5
1999-07-07	68.0
1999-07-08	67.25
1999-07-09	67.25
1999-07-12	68.38
1999-07-13	67.88
1999-07-14	67.63
1999-07-15	67.94
1999-07-16	68.06
1999-07-19	69.44
1999-07-20	68.13
1999-07-21	67.88
1999-07-22	66.5
1999-07-23	64.06
1999-07-26	63.25
1999-07-27	65.5
1999-07-28	66.06
1999-07-29	65.0
1999-07-30	64.31
1999-08-02	62.81
1999-08-03	60.81
1999-08-04	60.0
1999-08-05	59.25
1999-08-06	56.25
1999-08-09	55.81
1999-08-10	57.0
1999-08-11	61.5
1999-08-12	60.69
1999-08-13	63.13
1999-08-16	62.88
1999-08-17	63.0
1999-08-18	62.31
1999-08-19	61.69
1999-08-20	62.3125
1999-08-23	63.63
1999-08-24	63.44
1999-08-25	64.0
1999-08-26	62.75
1999-08-27	61.56
1999-08-30	59.31
1999-08-31	59.81
1999-09-01	60.31
1999-09-02	59.25
1999-09-03	63.13
1999-09-07	62.5
1999-09-08	62.56
1999-09-09	61.75
1999-09-10	63.09
1999-09-13	62.13
1999-09-14	59.38
1999-09-15	58.31
1999-09-16	57.69
1999-09-17	60.06
1999-09-20	60.75
1999-09-21	59.13
1999-09-22	61.31
1999-09-23	60.81
1999-09-24	61.94
1999-09-27	61.56
1999-09-28	62.25
1999-09-29	61.44
1999-09-30	61.0
1999-10-01	59.19
1999-10-04	61.69
1999-10-05	62.25
1999-10-06	64.0
1999-10-07	63.19
1999-10-08	63.94
1999-10-11	63.69
1999-10-12	62.94
1999-10-13	61.0
1999-10-14	62.0
1999-10-15	59.75
1999-10-18	59.25
1999-10-19	60.38
1999-10-20	61.75
1999-10-21	61.81
1999-10-22	65.5
1999-10-25	64.0
1999-10-26	61.81
1999-10-27	64.38
1999-10-28	72.0
1999-10-29	71.0
1999-11-01	69.38
1999-11-02	69.75
1999-11-03	68.75
1999-11-04	70.13
1999-11-05	73.69
1999-11-08	73.0
1999-11-09	71.88
1999-11-10	71.94
1999-11-11	73.31
1999-11-12	79.75
1999-11-15	78.0
1999-11-16	82.81
1999-11-17	79.56
1999-11-18	80.19
1999-11-19	79.94
1999-11-22	79.69
1999-11-23	77.75
1999-11-24	77.13
1999-11-26	77.31
1999-11-29	74.5
1999-11-30	75.13
1999-12-01	76.19
1999-12-02	77.5
1999-12-03	79.06
1999-12-06	77.0
1999-12-07	80.94
1999-12-08	80.0
1999-12-09	80.0
1999-12-10	82.0
1999-12-13	82.06
1999-12-14	78.75
1999-12-15	79.44
1999-12-16	78.56
1999-12-17	80.19
1999-12-20	81.88
1999-12-21	80.94
1999-12-22	79.69
1999-12-23	81.0
1999-12-27	82.06
1999-12-28	85.0
1999-12-29	88.0
1999-12-30	92.19
1999-12-31	94.19
2000-01-03	88.31
2000-01-04	82.75
2000-01-05	79.69
2000-01-06	82.25
2000-01-07	82.56
2000-01-10	84.38
2000-01-11	84.81
2000-01-12	84.38
2000-01-13	84.5
2000-01-14	85.63
2000-01-18	86.88
2000-01-19	87.56
2000-01-20	85.94
2000-01-21	85.69
2000-01-24	81.75
2000-01-25	83.88
2000-01-26	88.25
2000-01-27	89.0
2000-01-28	87.0
2000-01-31	91.63
2000-02-01	91.25
2000-02-02	91.13
2000-02-03	85.38
2000-02-04	84.69
2000-02-07	85.75
2000-02-08	89.44
2000-02-09	86.75
2000-02-10	86.63
2000-02-11	85.13
2000-02-14	86.5
2000-02-15	86.5
2000-02-16	82.94
2000-02-17	82.13
2000-02-18	80.81
2000-02-22	81.56
2000-02-23	85.75
2000-02-24	89.63
2000-02-25	89.25
2000-02-28	88.0
2000-02-29	92.5
2000-03-01	94.75
2000-03-02	96.25
2000-03-03	102.5
2000-03-06	103.7
2000-03-07	104.9
2000-03-08	101.8
2000-03-09	107.2
2000-03-10	112.3
2000-03-13	110.4
2000-03-14	104.8
2000-03-15	103.6
2000-03-16	103.3
2000-03-17	116.5
2000-03-20	113.4
2000-03-21	118.3
2000-03-22	117.1
2000-03-23	119.0
2000-03-24	121.3
2000-03-27	112.0
2000-03-28	113.3
2000-03-29	114.2
2000-03-30	106.9
2000-03-31	105.3
2000-04-03	105.5
2000-04-04	98.25
2000-04-05	97.44
2000-04-06	106.0
2000-04-07	102.5
2000-04-10	107.1
2000-04-11	104.8
2000-04-12	96.56
2000-04-13	95.25
2000-04-14	82.75
2000-04-17	87.5
2000-04-18	93.75
2000-04-19	92.06
2000-04-20	88.81
2000-04-24	86.88
2000-04-25	97.06
2000-04-26	94.5
2000-04-27	95.19
2000-04-28	93.25
2000-05-01	97.0
2000-05-02	93.0
2000-05-03	91.13
2000-05-04	90.19
2000-05-05	89.88
2000-05-08	87.31
2000-05-09	85.63
2000-05-10	81.44
2000-05-11	80.88
2000-05-12	83.77
2000-05-15	87.06
2000-05-16	85.5
2000-05-17	84.69
2000-05-18	85.25
2000-05-19	84.56
2000-05-22	82.0
2000-05-23	82.81
2000-05-24	80.0
2000-05-25	73.0
2000-05-26	69.81
2000-05-30	72.0
2000-05-31	73.56
2000-06-01	76.38
2000-06-02	86.88
2000-06-05	84.5
2000-06-06	83.13
2000-06-07	86.69
2000-06-08	85.06
2000-06-09	83.25
2000-06-12	83.31
2000-06-13	85.13
2000-06-14	89.94
2000-06-15	90.25
2000-06-16	89.94
2000-06-19	91.63
2000-06-20	89.0
2000-06-21	86.63
2000-06-22	84.25
2000-06-23	86.0
2000-06-26	87.75
2000-06-27	88.31
2000-06-28	89.88
2000-06-29	92.63
2000-06-30	94.77
2000-07-03	94.94
2000-07-05	95.94
2000-07-06	93.19
2000-07-07	94.94
2000-07-10	97.69
2000-07-11	98.5
2000-07-12	101.9
2000-07-13	104.3
2000-07-14	104.2
2000-07-17	100.0
2000-07-18	103.9
2000-07-19	100.8
2000-07-20	103.7
2000-07-21	104.3
2000-07-24	105.4
2000-07-25	106.0
2000-07-26	105.9
2000-07-27	100.0
2000-07-28	98.5
2000-07-31	98.69
2000-08-01	100.6
2000-08-02	102.1
2000-08-03	105.6
2000-08-04	111.3
2000-08-07	114.1
2000-08-08	113.0
2000-08-09	114.9
2000-08-10	112.0
2000-08-11	119.9
2000-08-14	120.8
2000-08-15	118.2
2000-08-16	115.3
2000-08-17	118.6
2000-08-18	117.0
2000-08-21	117.8
2000-08-22	119.9
2000-08-23	119.0
2000-08-24	118.3
2000-08-25	119.4
2000-08-28	122.4
2000-08-29	127.4
2000-08-30	123.7
2000-08-31	129.5
2000-09-01	129.6
2000-09-05	128.8
2000-09-06	128.1
2000-09-07	128.7
2000-09-08	124.3
2000-09-11	132.0
2000-09-12	131.3
2000-09-13	128.5
2000-09-14	129.0
2000-09-15	124.9
2000-09-18	118.6
2000-09-19	119.9
2000-09-20	118.0
2000-09-21	113.3
2000-09-22	114.9
2000-09-25	116.5
2000-09-26	110.9
2000-09-27	107.1
2000-09-28	113.0
2000-09-29	114.1
2000-10-02	115.4
2000-10-03	113.9
2000-10-04	109.4
2000-10-05	114.9
2000-10-06	108.9
2000-10-09	105.3
2000-10-10	102.7
2000-10-11	104.0
2000-10-12	94.31
2000-10-13	101.5
2000-10-16	103.6
2000-10-17	99.25
2000-10-18	98.0
2000-10-19	100.6
2000-10-20	104.9
2000-10-23	102.4
2000-10-24	101.1
2000-10-25	96.19
2000-10-26	92.94
2000-10-27	93.0
2000-10-30	96.5
2000-10-31	99.81
2000-11-01	96.69
2000-11-02	99.25
2000-11-03	100.4
2000-11-06	96.06
2000-11-07	93.75
2000-11-08	92.44
2000-11-09	91.88
2000-11-10	89.19
2000-11-13	86.38
2000-11-14	88.88
2000-11-15	90.06
2000-11-16	91.44
2000-11-17	88.06
2000-11-20	83.0
2000-11-21	84.19
2000-11-22	79.94
2000-11-24	81.5
2000-11-27	82.5
2000-11-28	80.5
2000-11-29	82.88
2000-11-30	82.13
2000-12-01	82.0
2000-12-04	81.75
2000-12-05	88.75
2000-12-06	87.75
2000-12-07	85.88
2000-12-08	91.88
2000-12-11	96.0
2000-12-12	92.44
2000-12-13	94.06
2000-12-14	87.44
2000-12-15	86.69
2000-12-18	85.94
2000-12-19	89.38
2000-12-20	90.0
2000-12-21	93.81
2000-12-22	98.81
2000-12-26	101.81
2000-12-27	101.9
2000-12-28	107.1
2000-12-29	106.9
2001-01-02	100.3
2001-01-03	115.5
2001-01-04	112.8
2001-01-05	107.9
2001-01-08	106.4
2001-01-09	104.8
2001-01-10	108.5
2001-01-11	110.5
2001-01-12	108.8
2001-01-16	110.0
2001-01-17	110.0
2001-01-18	107.5
2001-01-19	110.9
2001-01-22	113.1
2001-01-23	116.0
2001-01-24	117.9
2001-01-25	113.6
2001-01-26	114.7
2001-01-29	115.9
2001-01-30	118.6
2001-01-31	113.8
2001-02-01	118.2
2001-02-02	114.0
2001-02-05	112.1
2001-02-06	109.0
2001-02-07	105.2
2001-02-08	106.0
2001-02-09	107.8
2001-02-12	109.5
2001-02-13	105.9
2001-02-14	104.3
2001-02-15	107.2
2001-02-16	101.5
2001-02-20	96.0
2001-02-21	94.4
2001-02-22	97.2
2001-02-23	96.04
2001-02-26	98.3
2001-02-27	98.34
2001-02-28	91.75
2001-03-01	91.61
2001-03-02	91.4
2001-03-05	92.15
2001-03-06	95.35
2001-03-07	94.95
2001-03-08	91.75
2001-03-09	87.0
2001-03-12	82.49
2001-03-13	87.51
2001-03-14	83.91
2001-03-15	87.95
2001-03-16	87.55
2001-03-19	90.94
2001-03-20	87.06
2001-03-21	85.0
2001-03-22	85.91
2001-03-23	89.81
2001-03-26	89.24
2001-03-27	93.5
2001-03-28	87.25
2001-03-29	88.1
2001-03-30	85.1
2001-04-02	84.16
2001-04-03	81.31
2001-04-04	77.53
2001-04-05	86.0
2001-04-06	84.2
2001-04-09	84.0
2001-04-10	87.81
2001-04-11	91.3
2001-04-12	94.0
2001-04-16	91.78
2001-04-17	93.1
2001-04-18	99.65
2001-04-19	97.69
2001-04-20	95.66
2001-04-23	92.96
2001-04-24	91.4
2001-04-25	92.82
2001-04-26	92.49
2001-04-27	92.94
2001-04-30	91.1
2001-05-01	92.65
2001-05-02	98.0
2001-05-03	96.0
2001-05-04	97.2
2001-05-07	96.01
2001-05-08	95.25
2001-05-09	94.66
2001-05-10	94.51
2001-05-11	92.85
2001-05-14	94.1
2001-05-15	94.85
2001-05-16	99.95
2001-05-17	97.95
2001-05-18	97.25
2001-05-21	101.9
2001-05-22	103.3
2001-05-23	99.3
2001-05-24	99.85
2001-05-25	97.96
2001-05-29	96.88
2001-05-30	94.76
2001-05-31	95.1
2001-06-01	96.7
2001-06-04	96.51
2001-06-05	97.35
2001-06-06	95.54
2001-06-07	96.9
2001-06-08	95.36
2001-06-11	92.01
2001-06-12	91.86
2001-06-13	89.16
2001-06-14	87.01
2001-06-15	89.29
2001-06-18	88.65
2001-06-19	88.18
2001-06-20	88.4
2001-06-21	93.0
2001-06-22	92.1
2001-06-25	90.95
2001-06-26	90.3
2001-06-27	87.5
2001-06-28	86.6
2001-06-29	85.8
2001-07-02	84.6
2001-07-03	84.0
2001-07-05	84.0
2001-07-06	83.1
2001-07-09	81.91
2001-07-10	81.6
2001-07-11	81.6
2001-07-12	86.55
2001-07-13	86.15
2001-07-16	83.4
2001-07-17	85.85
2001-07-18	84.0
2001-07-19	83.0
2001-07-20	82.95
2001-07-23	81.74
2001-07-24	81.85
2001-07-25	83.2
2001-07-26	84.64
2001-07-27	84.82
2001-07-30	82.69
2001-07-31	83.16
2001-08-01	85.35
2001-08-02	86.3
2001-08-03	85.5
2001-08-06	83.95
2001-08-07	83.54
2001-08-08	81.8
2001-08-09	80.05
2001-08-10	80.8
2001-08-13	82.2
2001-08-14	81.3
2001-08-15	81.85
2001-08-16	81.1
2001-08-17	77.25
2001-08-20	77.25
2001-08-21	75.4
2001-08-22	77.5
2001-08-23	77.7
2001-08-24	81.3
2001-08-27	81.9
2001-08-28	81.05
2001-08-29	80.8
2001-08-30	79.61
2001-08-31	80.1
2001-09-04	79.62
2001-09-05	78.55
2001-09-06	77.1
2001-09-07	74.48
2001-09-10	76.2
2001-09-17	69.4
2001-09-18	67.5
2001-09-19	67.51
2001-09-20	65.75
2001-09-21	67.69
2001-09-24	70.51
2001-09-25	70.51
2001-09-26	69.85
2001-09-27	68.9
2001-09-28	71.35
2001-10-01	73.5
2001-10-02	73.6
2001-10-03	76.69
2001-10-04	79.0
2001-10-05	76.25
2001-10-08	75.3
2001-10-09	77.93
2001-10-10	80.71
2001-10-11	83.85
2001-10-12	82.8
2001-10-15	84.4
2001-10-16	84.25
2001-10-17	82.07
2001-10-18	81.41
2001-10-19	79.75
2001-10-22	81.6
2001-10-23	81.6
2001-10-24	80.5
2001-10-25	81.4
2001-10-26	83.12
2001-10-29	80.85
2001-10-30	80.05
2001-10-31	78.16
2001-11-01	80.7
2001-11-02	82.25
2001-11-05	84.71
2001-11-06	86.5
2001-11-07	87.5
2001-11-08	86.7
2001-11-09	86.86
2001-11-12	88.1
2001-11-13	91.05
2001-11-14	91.5
2001-11-15	88.7
2001-11-16	87.75
2001-11-19	90.55
2001-11-20	89.75
2001-11-21	88.15
2001-11-23	90.15
2001-11-26	91.44
2001-11-27	90.0
2001-11-28	86.81
2001-11-29	89.35
2001-11-30	89.0
2001-12-03	86.01
2001-12-04	87.17
2001-12-05	92.4
2001-12-06	93.9
2001-12-07	91.61
2001-12-10	91.35
2001-12-11	91.82
2001-12-12	92.73
2001-12-13	91.0
2001-12-14	89.66
2001-12-17	89.14
2001-12-18	90.8
2001-12-19	94.41
2001-12-20	92.31
2001-12-21	92.31
2001-12-24	92.47
2001-12-26	92.8
2001-12-27	92.12
2001-12-28	93.27
2001-12-31	92.75
2002-01-02	91.07
2002-01-03	92.45
2002-01-04	96.75
2002-01-07	95.75
2002-01-08	92.5
2002-01-09	93.75
2002-01-10	93.0
2002-01-11	91.15
2002-01-14	89.97
2002-01-15	89.9
2002-01-16	88.63
2002-01-17	89.86
2002-01-18	89.21
2002-01-22	86.98
2002-01-23	87.25
2002-01-24	85.5
2002-01-25	87.3
2002-01-28	87.85
2002-01-29	84.48
2002-01-30	86.0
2002-01-31	86.98
2002-02-01	85.4
2002-02-04	82.5
2002-02-05	81.04
2002-02-06	81.9
2002-02-07	81.11
2002-02-08	83.8
2002-02-11	84.85
2002-02-12	83.5
2002-02-13	84.58
2002-02-14	85.11
2002-02-15	82.76
2002-02-19	78.45
2002-02-20	80.6
2002-02-21	79.47
2002-02-22	79.0
2002-02-25	81.96
2002-02-26	81.4
2002-02-27	80.89
2002-02-28	80.94
2002-03-01	83.47
2002-03-04	89.1
2002-03-05	89.52
2002-03-06	90.87
2002-03-07	89.96
2002-03-08	90.29
2002-03-11	90.7
2002-03-12	89.8
2002-03-13	88.0
2002-03-14	88.4
2002-03-15	90.0
2002-03-18	89.2
2002-03-19	91.05
2002-03-20	89.85
2002-03-21	90.35
2002-03-22	89.73
2002-03-25	88.03
2002-03-26	88.85
2002-03-27	89.3
2002-03-28	90.25
2002-04-01	88.47
2002-04-02	87.53
2002-04-03	86.46
2002-04-04	86.55
2002-04-05	86.15
2002-04-08	86.06
2002-04-09	84.6
2002-04-10	84.49
2002-04-11	81.24
2002-04-12	83.0
2002-04-15	81.6
2002-04-16	84.59
2002-04-17	85.05
2002-04-18	84.52
2002-04-19	86.31
2002-04-22	84.1
2002-04-23	81.6
2002-04-24	79.49
2002-04-25	77.21
2002-04-26	79.15
2002-04-29	78.5
2002-04-30	78.75
2002-05-01	79.21
2002-05-02	80.71
2002-05-03	78.55
2002-05-06	75.16
2002-05-07	74.85
2002-05-08	79.5
2002-05-09	78.64
2002-05-10	76.75
2002-05-13	78.11
2002-05-14	79.3
2002-05-15	79.46
2002-05-16	80.05
2002-05-17	80.5
2002-05-20	80.24
2002-05-21	79.2
2002-05-22	78.2
2002-05-23	79.17
2002-05-24	78.19
2002-05-28	76.9
2002-05-29	76.15
2002-05-30	75.08
2002-05-31	75.45
2002-06-03	73.79
2002-06-04	73.8
2002-06-05	75.75
2002-06-06	73.95
2002-06-07	73.95
2002-06-10	74.74
2002-06-11	72.1
2002-06-12	72.5
2002-06-13	71.3
2002-06-14	72.85
2002-06-17	75.34
2002-06-18	75.78
2002-06-19	74.45
2002-06-20	72.7
2002-06-21	70.55
2002-06-24	71.45
2002-06-25	71.35
2002-06-26	70.8
2002-06-27	73.0
2002-06-28	73.35
2002-07-01	71.14
2002-07-02	70.7
2002-07-03	70.2
2002-07-05	73.95
2002-07-08	73.6
2002-07-09	70.91
2002-07-10	71.55
2002-07-11	73.25
2002-07-12	73.15
2002-07-15	72.95
2002-07-16	72.65
2002-07-17	74.48
2002-07-18	75.6
2002-07-19	77.0
2002-07-22	72.0
2002-07-23	67.73
2002-07-24	70.85
2002-07-25	69.31
2002-07-26	69.58
2002-07-29	72.7
2002-07-30	73.9
2002-07-31	73.15
2002-08-01	71.99
2002-08-02	70.49
2002-08-05	68.05
2002-08-06	69.9
2002-08-07	70.95
2002-08-08	74.3
2002-08-09	75.45
2002-08-12	75.35
2002-08-13	74.79
2002-08-14	78.5
2002-08-15	79.55
2002-08-16	79.53
2002-08-19	81.5
2002-08-20	80.51
2002-08-21	79.88
2002-08-22	79.91
2002-08-23	78.3
2002-08-26	79.75
2002-08-27	79.1
2002-08-28	77.08
2002-08-29	77.38
2002-08-30	77.3
2002-09-03	73.75
2002-09-04	75.5
2002-09-05	72.89
2002-09-06	72.34
2002-09-09	74.3
2002-09-10	73.41
2002-09-11	73.69
2002-09-12	72.2
2002-09-13	73.0
2002-09-16	72.6
2002-09-17	70.87
2002-09-18	70.41
2002-09-19	67.15
2002-09-20	67.36
2002-09-23	65.67
2002-09-24	66.31
2002-09-25	67.45
2002-09-26	68.04
2002-09-27	66.13
2002-09-30	66.03
2002-10-01	68.45
2002-10-02	65.55
2002-10-03	62.9
2002-10-04	62.05
2002-10-07	59.53
2002-10-08	61.6
2002-10-09	59.28
2002-10-10	61.08
2002-10-11	64.2
2002-10-14	65.3
2002-10-15	70.0
2002-10-16	68.0
2002-10-17	72.48
2002-10-18	70.55
2002-10-21	74.7
2002-10-22	72.5
2002-10-23	74.27
2002-10-24	72.5
2002-10-25	73.99
2002-10-28	73.58
2002-10-29	72.37
2002-10-30	72.36
2002-10-31	71.6
2002-11-01	73.45
2002-11-04	75.96
2002-11-05	76.74
2002-11-06	76.55
2002-11-07	74.05
2002-11-08	73.08
2002-11-11	71.78
2002-11-12	72.07
2002-11-13	72.49
2002-11-14	74.99
2002-11-15	75.25
2002-11-18	75.42
2002-11-19	75.08
2002-11-20	77.41
2002-11-21	79.95
2002-11-22	79.11
2002-11-25	79.0
2002-11-26	76.83
2002-11-27	79.64
2002-11-29	78.87
2002-12-02	78.78
2002-12-03	78.5
2002-12-04	76.35
2002-12-05	74.45
2002-12-06	74.5
2002-12-09	73.45
2002-12-10	74.0
2002-12-11	73.47
2002-12-12	74.23
2002-12-13	73.1
2002-12-16	74.53
2002-12-17	74.69
2002-12-18	73.7
2002-12-19	70.3
2002-12-20	71.86
2002-12-23	70.65
2002-12-24	69.37
2002-12-26	69.55
2002-12-27	67.92
2002-12-30	68.14
2002-12-31	68.1
2003-01-02	69.65
2003-01-03	70.38
2003-01-06	73.0
2003-01-07	72.7
2003-01-08	70.92
2003-01-09	73.72
2003-01-10	74.92
2003-01-13	74.42
2003-01-14	74.7
2003-01-15	73.51
2003-01-16	73.62
2003-01-17	72.58
2003-01-21	71.0
2003-01-22	70.25
2003-01-23	71.92
2003-01-24	69.15
2003-01-27	68.4
2003-01-28	69.05
2003-01-29	69.51
2003-01-30	67.4
2003-01-31	68.1
2003-02-03	69.25
2003-02-04	67.52
2003-02-05	67.41
2003-02-06	66.65
2003-02-07	65.7
2003-02-10	65.74
2003-02-11	65.05
2003-02-12	64.3
2003-02-13	64.92
2003-02-14	66.7
2003-02-18	68.0
2003-02-19	68.23
2003-02-20	67.74
2003-02-21	68.5
2003-02-24	66.2
2003-02-25	66.59
2003-02-26	66.48
2003-02-27	67.69
2003-02-28	69.45
2003-03-03	68.02
2003-03-04	65.69
2003-03-05	66.3
2003-03-06	65.6
2003-03-07	66.68
2003-03-10	64.34
2003-03-11	62.95
2003-03-12	62.85
2003-03-13	66.78
2003-03-14	66.62
2003-03-17	68.9
2003-03-18	69.58
2003-03-19	70.27
2003-03-20	70.08
2003-03-21	72.1
2003-03-24	69.92
2003-03-25	70.69
2003-03-26	71.05
2003-03-27	70.58
2003-03-28	70.11
2003-03-31	68.08
2003-04-01	69.62
2003-04-02	72.4
2003-04-03	72.35
2003-04-04	72.06
2003-04-07	72.31
2003-04-08	72.7
2003-04-09	71.91
2003-04-10	72.35
2003-04-11	72.42
2003-04-14	74.49
2003-04-15	76.54
2003-04-16	75.2
2003-04-17	76.1
2003-04-21	76.35
2003-04-22	78.33
2003-04-23	78.43
2003-04-24	77.35
2003-04-25	75.87
2003-04-28	76.51
2003-04-29	76.45
2003-04-30	75.9
2003-05-01	75.33
2003-05-02	76.6
2003-05-05	76.49
2003-05-06	77.2
2003-05-07	77.2
2003-05-08	74.06
2003-05-09	75.0
2003-05-12	75.49
2003-05-13	74.95
2003-05-14	74.95
2003-05-15	76.1
2003-05-16	76.7
2003-05-19	74.35
2003-05-20	74.45
2003-05-21	75.1
2003-05-22	76.03
2003-05-23	76.15
2003-05-27	78.48
2003-05-28	79.9
2003-05-29	79.59
2003-05-30	81.5
2003-06-02	83.54
2003-06-03	83.0
2003-06-04	85.25
2003-06-05	87.3
2003-06-06	88.7
2003-06-09	87.54
2003-06-10	88.7
2003-06-11	89.74
2003-06-12	90.35
2003-06-13	89.17
2003-06-16	91.5
2003-06-17	91.5
2003-06-18	88.9
2003-06-19	85.92
2003-06-20	86.25
2003-06-23	85.28
2003-06-24	86.6
2003-06-25	84.78
2003-06-26	84.15
2003-06-27	82.38
2003-06-30	83.75
2003-07-01	85.85
2003-07-02	85.4
2003-07-03	84.7
2003-07-07	87.74
2003-07-08	88.06
2003-07-09	88.23
2003-07-10	86.55
2003-07-11	87.32
2003-07-14	89.44
2003-07-15	88.02
2003-07-16	87.26
2003-07-17	86.44
2003-07-18	87.69
2003-07-21	85.7
2003-07-22	86.16
2003-07-23	86.1
2003-07-24	85.4
2003-07-25	86.42
2003-07-28	86.5
2003-07-29	86.83
2003-07-30	86.95
2003-07-31	87.14
2003-08-01	85.1
2003-08-04	84.65
2003-08-05	82.9
2003-08-06	84.05
2003-08-07	84.75
2003-08-08	85.82
2003-08-11	85.76
2003-08-12	87.68
2003-08-13	87.4
2003-08-14	87.95
2003-08-15	87.76
2003-08-18	88.27
2003-08-19	89.03
2003-08-20	87.7
2003-08-21	88.1
2003-08-22	86.99
2003-08-25	86.73
2003-08-26	86.51
2003-08-27	85.97
2003-08-28	86.86
2003-08-29	88.49
2003-09-02	90.45
2003-09-03	90.82
2003-09-04	91.26
2003-09-05	90.96
2003-09-08	91.35
2003-09-09	91.79
2003-09-10	89.44
2003-09-11	89.84
2003-09-12	90.73
2003-09-15	89.2
2003-09-16	90.93
2003-09-17	91.0
2003-09-18	93.25
2003-09-19	93.73
2003-09-22	92.66
2003-09-23	89.06
2003-09-24	85.82
2003-09-25	85.52
2003-09-26	84.7
2003-09-29	85.0
2003-09-30	83.9
2003-10-01	86.0
2003-10-02	85.96
2003-10-03	86.66
2003-10-06	86.72
2003-10-07	86.84
2003-10-08	86.26
2003-10-09	87.0
2003-10-10	86.94
2003-10-13	88.17
2003-10-14	88.64
2003-10-15	88.75
2003-10-16	87.99
2003-10-17	87.17
2003-10-20	87.01
2003-10-21	87.62
2003-10-22	86.47
2003-10-23	87.0
2003-10-24	85.82
2003-10-27	88.19
2003-10-28	92.25
2003-10-29	92.65
2003-10-30	93.43
2003-10-31	93.9
2003-11-03	96.19
2003-11-04	95.95
2003-11-05	95.47
2003-11-06	96.53
2003-11-07	96.98
2003-11-10	96.08
2003-11-11	96.1
2003-11-12	96.7
2003-11-13	96.02
2003-11-14	93.8
2003-11-17	94.25
2003-11-18	93.73
2003-11-19	93.93
2003-11-20	91.76
2003-11-21	92.97
2003-11-24	94.92
2003-11-25	96.25
2003-11-26	96.67
2003-11-28	96.08
2003-12-01	97.48
2003-12-02	97.4
2003-12-03	99.29
2003-12-04	98.73
2003-12-05	98.03
2003-12-08	98.8
2003-12-09	98.2
2003-12-10	97.6
2003-12-11	98.34
2003-12-12	99.15
2003-12-15	97.75
2003-12-16	97.52
2003-12-17	98.35
2003-12-18	97.35
2003-12-19	96.38
2003-12-22	98.15
2003-12-23	98.22
2003-12-24	97.55
2003-12-26	97.94
2003-12-29	99.58
2003-12-30	99.16
2003-12-31	98.73
2004-01-02	97.13
2004-01-05	97.18
2004-01-06	96.6
2004-01-07	98.63
2004-01-08	98.75
2004-01-09	97.5
2004-01-12	97.78
2004-01-13	97.67
2004-01-14	99.38
2004-01-15	101.14
2004-01-16	100.48
2004-01-20	100.4
2004-01-21	101.5
2004-01-22	100.68
2004-01-23	99.5
2004-01-26	102.28
2004-01-27	101.05
2004-01-28	98.3
2004-01-29	99.4
2004-01-30	99.55
2004-02-02	99.81
2004-02-03	101.15
2004-02-04	99.75
2004-02-05	98.84
2004-02-06	101.34
2004-02-09	101.87
2004-02-10	102.18
2004-02-11	107.09
2004-02-12	107.4
2004-02-13	105.85
2004-02-17	106.92
2004-02-18	106.9
2004-02-19	105.77
2004-02-20	106.52
2004-02-23	106.67
2004-02-24	104.32
2004-02-25	105.82
2004-02-26	106.29
2004-02-27	105.87
2004-03-01	107.35
2004-03-02	106.4
2004-03-03	106.51
2004-03-04	108.52
2004-03-05	109.05
2004-03-08	107.35
2004-03-09	105.76
2004-03-10	103.55
2004-03-11	102.99
2004-03-12	104.93
2004-03-15	102.82
2004-03-16	103.06
2004-03-17	104.01
2004-03-18	103.7
2004-03-19	102.66
2004-03-22	101.3
2004-03-23	101.39
2004-03-24	99.24
2004-03-25	101.85
2004-03-26	103.75
2004-03-29	104.22
2004-03-30	104.26
2004-03-31	104.35
2004-04-01	106.0
2004-04-02	105.95
2004-04-05	105.7
2004-04-06	105.58
2004-04-07	105.25
2004-04-08	105.7
2004-04-12	105.82
2004-04-13	103.12
2004-04-14	101.41
2004-04-15	101.73
2004-04-16	103.36
2004-04-19	102.48
2004-04-20	99.91
2004-04-21	100.0
2004-04-22	101.8
2004-04-23	100.41
2004-04-26	101.15
2004-04-27	100.91
2004-04-28	98.4
2004-04-29	98.26
2004-04-30	96.75
2004-05-03	96.92
2004-05-04	97.37
2004-05-05	96.15
2004-05-06	95.15
2004-05-07	93.04
2004-05-10	92.1
2004-05-11	93.11
2004-05-12	92.92
2004-05-13	93.45
2004-05-14	94.01
2004-05-17	92.68
2004-05-18	93.31
2004-05-19	92.68
2004-05-20	92.4
2004-05-21	91.74
2004-05-24	91.73
2004-05-25	93.11
2004-05-26	93.39
2004-05-27	93.29
2004-05-28	93.91
2004-06-01	93.0
2004-06-02	91.77
2004-06-03	90.55
2004-06-04	91.52
2004-06-07	93.58
2004-06-08	94.0
2004-06-09	93.0
2004-06-10	93.01
2004-06-14	91.53
2004-06-15	90.21
2004-06-16	89.98
2004-06-17	89.34
2004-06-18	89.18
2004-06-21	88.79
2004-06-22	90.6
2004-06-23	91.72
2004-06-24	93.19
2004-06-25	94.55
2004-06-28	93.26
2004-06-29	94.0
2004-06-30	94.16
2004-07-01	93.65
2004-07-02	93.61
2004-07-06	92.2
2004-07-07	90.57
2004-07-08	90.0
2004-07-09	90.05
2004-07-12	90.66
2004-07-13	90.36
2004-07-14	89.89
2004-07-15	88.33
2004-07-16	87.25
2004-07-19	87.5
2004-07-20	89.7
2004-07-21	87.42
2004-07-22	87.76
2004-07-23	87.55
2004-07-26	87.03
2004-07-27	88.79
2004-07-28	88.71
2004-07-29	89.69
2004-07-30	88.19
2004-08-02	88.44
2004-08-03	87.68
2004-08-04	87.65
2004-08-05	85.8
2004-08-06	84.55
2004-08-09	84.55
2004-08-10	85.31
2004-08-11	84.65
2004-08-12	83.86
2004-08-13	84.25
2004-08-16	85.82
2004-08-17	86.39
2004-08-18	87.44
2004-08-19	86.6
2004-08-20	87.81
2004-08-23	87.5
2004-08-24	87.53
2004-08-25	90.03
2004-08-26	91.12
2004-08-27	90.48
2004-08-30	89.15
2004-08-31	89.65
2004-09-01	89.19
2004-09-02	91.06
2004-09-03	90.2
2004-09-07	92.23
2004-09-08	91.44
2004-09-09	91.87
2004-09-10	93.13
2004-09-13	93.6
2004-09-14	94.1
2004-09-15	92.41
2004-09-16	93.16
2004-09-17	92.05
2004-09-20	91.68
2004-09-21	94.9
2004-09-22	93.39
2004-09-23	93.07
2004-09-24	93.48
2004-09-27	92.75
2004-09-28	93.06
2004-09-29	93.28
2004-09-30	93.24
2004-10-01	93.92
2004-10-04	94.87
2004-10-05	94.07
2004-10-06	95.53
2004-10-07	94.85
2004-10-08	94.24
2004-10-11	94.14
2004-10-12	94.59
2004-10-13	94.72
2004-10-14	92.93
2004-10-15	94.16
2004-10-18	94.25
2004-10-19	93.06
2004-10-20	92.34
2004-10-21	93.47
2004-10-22	92.7
2004-10-25	92.42
2004-10-26	93.76
2004-10-27	96.1
2004-10-28	97.43
2004-10-29	98.38
2004-11-01	98.32
2004-11-02	98.55
2004-11-03	99.37
2004-11-04	100.0
2004-11-05	100.85
2004-11-08	100.21
2004-11-09	100.87
2004-11-10	100.75
2004-11-11	103.0
2004-11-12	104.66
2004-11-15	104.62
2004-11-16	103.72
2004-11-17	104.71
2004-11-18	104.83
2004-11-19	103.04
2004-11-22	103.42
2004-11-23	103.81
2004-11-24	105.0
2004-11-26	104.84
2004-11-29	105.08
2004-11-30	104.76
2004-12-01	106.0
2004-12-02	106.6
2004-12-03	106.47
2004-12-06	107.17
2004-12-07	106.09
2004-12-08	106.68
2004-12-09	107.49
2004-12-10	109.4
2004-12-13	110.45
2004-12-14	109.88
2004-12-15	109.25
2004-12-16	105.4
2004-12-17	103.75
2004-12-20	103.79
2004-12-21	105.01
2004-12-22	104.4
2004-12-23	104.35
2004-12-27	104.2
2004-12-28	105.15
2004-12-29	104.65
2004-12-30	104.92
2004-12-31	104.04
2005-01-03	104.95
2005-01-04	104.27
2005-01-05	103.8
2005-01-06	105.23
2005-01-07	104.78
2005-01-10	104.98
2005-01-11	104.17
2005-01-12	103.27
2005-01-13	102.94
2005-01-14	104.22
2005-01-18	105.0
2005-01-19	104.06
2005-01-20	103.4
2005-01-21	103.33
2005-01-24	103.24
2005-01-25	102.86
2005-01-26	103.26
2005-01-27	104.0
2005-01-28	106.12
2005-01-31	107.85
2005-02-01	108.4
2005-02-02	108.59
2005-02-03	108.74
2005-02-04	110.02
2005-02-07	109.59
2005-02-08	111.55
2005-02-09	111.45
2005-02-10	112.77
2005-02-11	112.77
2005-02-14	111.97
2005-02-15	112.71
2005-02-16	112.27
2005-02-17	110.6
2005-02-18	109.0
2005-02-22	107.86
2005-02-23	109.11
2005-02-24	108.5
2005-02-25	110.1
2005-02-28	108.8
2005-03-01	110.02
2005-03-02	109.73
2005-03-03	109.41
2005-03-04	111.53
2005-03-07	112.8
2005-03-08	112.63
2005-03-09	110.87
2005-03-10	111.33
2005-03-11	109.55
2005-03-14	110.0
2005-03-15	110.54
2005-03-16	109.97
2005-03-17	110.04
2005-03-18	109.98
2005-03-21	109.6
2005-03-22	107.99
2005-03-23	108.06
2005-03-24	108.4
2005-03-28	109.68
2005-03-29	108.45
2005-03-30	109.8
2005-03-31	109.99
2005-04-01	109.3
2005-04-04	111.0
2005-04-05	110.59
2005-04-06	112.5
2005-04-07	113.53
2005-04-08	112.93
2005-04-11	112.09
2005-04-12	111.76
2005-04-13	110.01
2005-04-14	108.49
2005-04-15	106.49
2005-04-18	107.35
2005-04-19	106.69
2005-04-20	104.33
2005-04-21	105.96
2005-04-22	104.19
2005-04-25	105.74
2005-04-26	105.72
2005-04-27	107.76
2005-04-28	106.23
2005-04-29	106.79
2005-05-02	104.46
2005-05-03	104.37
2005-05-04	106.27
2005-05-05	105.3
2005-05-06	104.68
2005-05-09	105.5
2005-05-10	102.11
2005-05-11	103.75
2005-05-12	100.22
2005-05-13	97.82
2005-05-16	98.42
2005-05-17	98.35
2005-05-18	99.58
2005-05-19	100.12
2005-05-20	101.08
2005-05-23	100.69
2005-05-24	99.58
2005-05-25	97.25
2005-05-26	96.6
2005-05-27	95.5
2005-05-31	97.5
2005-06-01	98.64
2005-06-02	97.67
2005-06-03	97.3
2005-06-06	98.42
2005-06-07	98.4
2005-06-08	98.35
2005-06-09	99.95
2005-06-10	99.05
2005-06-13	99.26
2005-06-14	98.3
2005-06-15	99.19
2005-06-16	102.65
2005-06-17	103.8
2005-06-20	103.25
2005-06-21	102.64
2005-06-22	102.47
2005-06-23	102.02
2005-06-24	103.67
2005-06-27	103.2
2005-06-28	103.96
2005-06-29	102.79
2005-06-30	102.02
2005-07-01	102.71
2005-07-05	103.18
2005-07-06	103.55
2005-07-07	104.1
2005-07-08	105.65
2005-07-11	107.31
2005-07-12	107.24
2005-07-13	108.0
2005-07-14	108.55
2005-07-15	108.5
2005-07-18	108.24
2005-07-19	109.72
2005-07-20	109.61
2005-07-21	108.25
2005-07-22	109.13
2005-07-25	108.32
2005-07-26	107.72
2005-07-27	109.15
2005-07-28	109.67
2005-07-29	107.48
2005-08-01	107.12
2005-08-02	109.52
2005-08-03	110.87
2005-08-04	109.25
2005-08-05	109.7
2005-08-08	109.91
2005-08-09	111.48
2005-08-10	112.03
2005-08-11	114.14
2005-08-12	113.65
2005-08-15	114.67
2005-08-16	112.08
2005-08-17	111.13
2005-08-18	110.85
2005-08-19	111.27
2005-08-22	111.7
2005-08-23	111.8
2005-08-24	109.99
2005-08-25	110.5
2005-08-26	109.75
2005-08-29	110.15
2005-08-30	109.84
2005-08-31	111.18
2005-09-01	113.12
2005-09-02	113.21
2005-09-06	114.59
2005-09-07	114.91
2005-09-08	115.16
2005-09-09	116.17
2005-09-12	118.0
2005-09-13	117.2
2005-09-14	115.9
2005-09-15	115.95
2005-09-16	118.4
2005-09-19	118.28
2005-09-20	118.05
2005-09-21	115.68
2005-09-22	118.5
2005-09-23	119.47
2005-09-26	120.0
2005-09-27	119.67
2005-09-28	120.1
2005-09-29	121.22
2005-09-30	121.58
2005-10-03	121.65
2005-10-04	118.92
2005-10-05	117.75
2005-10-06	116.93
2005-10-07	117.57
2005-10-10	118.51
2005-10-11	117.55
2005-10-12	115.65
2005-10-13	113.18
2005-10-14	114.55
2005-10-17	117.05
2005-10-18	117.09
2005-10-19	121.2
2005-10-20	118.75
2005-10-21	118.77
2005-10-24	123.3
2005-10-25	123.55
2005-10-26	124.25
2005-10-27	122.43
2005-10-28	124.56
2005-10-31	126.37
2005-11-01	126.6
2005-11-02	129.13
2005-11-03	129.2
2005-11-04	130.96
2005-11-07	129.15
2005-11-08	127.52
2005-11-09	128.7
2005-11-10	130.09
2005-11-11	130.0
2005-11-14	129.24
2005-11-15	127.97
2005-11-16	128.18
2005-11-17	130.41
2005-11-18	131.58
2005-11-21	132.41
2005-11-22	132.6
2005-11-23	134.08
2005-11-25	134.12
2005-11-28	131.1
2005-11-29	130.45
2005-11-30	128.96
2005-12-01	130.28
2005-12-02	131.08
2005-12-05	133.05
2005-12-06	131.31
2005-12-07	129.89
2005-12-08	128.64
2005-12-09	129.66
2005-12-12	130.01
2005-12-13	131.64
2005-12-14	129.63
2005-12-15	128.3
2005-12-16	126.5
2005-12-19	125.13
2005-12-20	125.86
2005-12-21	127.31
2005-12-22	127.99
2005-12-23	128.11
2005-12-27	128.26
2005-12-28	127.98
2005-12-29	128.02
2005-12-30	127.71
2006-01-03	128.87
2006-01-04	127.09
2006-01-05	127.04
2006-01-06	128.84
2006-01-09	130.39
2006-01-10	132.03
2006-01-11	131.97
2006-01-12	132.25
2006-01-13	133.26
2006-01-17	132.59
2006-01-18	131.85
2006-01-19	133.82
2006-01-20	131.44
2006-01-23	132.87
2006-01-24	133.0
2006-01-25	133.56
2006-01-26	137.4
2006-01-27	138.94
2006-01-30	139.87
2006-01-31	141.25
2006-02-01	141.71
2006-02-02	142.52
2006-02-03	142.74
2006-02-06	142.82
2006-02-07	139.48
2006-02-08	141.14
2006-02-09	140.85
2006-02-10	140.81
2006-02-13	139.65
2006-02-14	141.78
2006-02-15	145.14
2006-02-16	145.9
2006-02-17	145.54
2006-02-21	143.45
2006-02-22	145.53
2006-02-23	143.96
2006-02-24	144.16
2006-02-27	143.82
2006-02-28	141.29
2006-03-01	143.15
2006-03-02	144.0
2006-03-03	146.0
2006-03-06	145.02
2006-03-07	144.28
2006-03-08	142.49
2006-03-09	141.7
2006-03-10	141.53
2006-03-13	140.72
2006-03-14	149.42
2006-03-15	149.0
2006-03-16	147.69
2006-03-17	150.36
2006-03-20	152.18
2006-03-21	149.4
2006-03-22	151.82
2006-03-23	151.67
2006-03-24	152.17
2006-03-27	155.0
2006-03-28	154.16
2006-03-29	156.9
2006-03-30	156.81
2006-03-31	156.96
2006-04-03	158.12
2006-04-04	161.0
2006-04-05	160.75
2006-04-06	162.04
2006-04-07	161.02
2006-04-10	162.46
2006-04-11	159.15
2006-04-12	159.52
2006-04-13	159.43
2006-04-17	161.94
2006-04-18	165.55
2006-04-19	167.05
2006-04-20	168.2
2006-04-21	165.89
2006-04-24	165.35
2006-04-25	162.8
2006-04-26	163.4
2006-04-27	163.97
2006-04-28	160.29
2006-05-01	156.45
2006-05-02	158.83
2006-05-03	159.15
2006-05-04	158.04
2006-05-05	164.39
2006-05-08	163.53
2006-05-09	165.75
2006-05-10	164.09
2006-05-11	159.28
2006-05-12	156.11
2006-05-15	153.14
2006-05-16	152.7
2006-05-17	148.21
2006-05-18	147.03
2006-05-19	149.41
2006-05-22	146.15
2006-05-23	143.7
2006-05-24	143.92
2006-05-25	147.32
2006-05-26	152.94
2006-05-30	149.83
2006-05-31	150.95
2006-06-01	153.55
2006-06-02	154.09
2006-06-05	150.4
2006-06-06	149.24
2006-06-07	149.95
2006-06-08	149.76
2006-06-09	150.41
2006-06-12	145.0
2006-06-13	139.25
2006-06-14	138.5
2006-06-15	144.12
2006-06-16	144.0
2006-06-19	143.75
2006-06-20	145.26
2006-06-21	149.83
2006-06-22	148.31
2006-06-23	147.92
2006-06-26	149.9
2006-06-27	147.16
2006-06-28	146.49
2006-06-29	152.2
2006-06-30	150.43
2006-07-03	152.45
2006-07-05	150.95
2006-07-06	150.58
2006-07-07	148.51
2006-07-10	148.85
2006-07-11	148.67
2006-07-12	145.27
2006-07-13	142.55
2006-07-14	140.1
2006-07-17	140.87
2006-07-18	142.34
2006-07-19	146.97
2006-07-20	145.18
2006-07-21	142.04
2006-07-24	146.9
2006-07-25	148.49
2006-07-26	147.38
2006-07-27	148.26
2006-07-28	151.72
2006-07-31	152.75
2006-08-01	151.26
2006-08-02	149.9
2006-08-03	152.1
2006-08-04	152.99
2006-08-07	152.65
2006-08-08	151.45
2006-08-09	150.01
2006-08-10	151.63
2006-08-11	151.11
2006-08-14	150.37
2006-08-15	152.65
2006-08-16	154.99
2006-08-17	154.45
2006-08-18	154.68
2006-08-21	153.83
2006-08-22	154.15
2006-08-23	152.7
2006-08-24	151.4
2006-08-25	150.07
2006-08-28	149.53
2006-08-29	147.09
2006-08-30	147.06
2006-08-31	148.65
2006-09-01	149.14
2006-09-05	151.28
2006-09-06	150.67
2006-09-07	148.57
2006-09-08	149.8
2006-09-11	151.0
2006-09-12	158.29
2006-09-13	160.86
2006-09-14	162.52
2006-09-15	162.71
2006-09-18	163.22
2006-09-19	163.39
2006-09-20	166.6
2006-09-21	167.15
2006-09-22	167.52
2006-09-25	168.69
2006-09-26	168.68
2006-09-27	169.0
2006-09-28	170.0
2006-09-29	169.17
2006-10-02	170.69
2006-10-03	174.2
2006-10-04	176.56
2006-10-05	175.5
2006-10-06	175.65
2006-10-09	177.45
2006-10-10	178.86
2006-10-11	178.97
2006-10-12	181.51
2006-10-13	183.85
2006-10-16	185.22
2006-10-17	183.07
2006-10-18	182.62
2006-10-19	180.05
2006-10-20	180.4
2006-10-23	184.7
2006-10-24	187.84
2006-10-25	188.61
2006-10-26	193.38
2006-10-27	188.67
2006-10-30	189.75
2006-10-31	189.79
2006-11-01	185.0
2006-11-02	187.39
2006-11-03	187.13
2006-11-06	190.0
2006-11-07	188.68
2006-11-08	188.77
2006-11-09	184.78
2006-11-10	187.06
2006-11-13	187.73
2006-11-14	190.36
2006-11-15	193.11
2006-11-16	196.72
2006-11-17	195.04
2006-11-20	197.45
2006-11-21	199.76
2006-11-22	202.29
2006-11-24	201.6
2006-11-27	193.11
2006-11-28	197.12
2006-11-29	196.22
2006-11-30	194.8
2006-12-01	194.5
2006-12-04	200.05
2006-12-05	201.61
2006-12-06	205.0
2006-12-07	200.2
2006-12-08	205.1
2006-12-11	202.52
2006-12-12	200.0
2006-12-13	198.31
2006-12-14	200.13
2006-12-15	199.84
2006-12-18	203.24
2006-12-19	201.24
2006-12-20	201.37
2006-12-21	198.1
2006-12-22	198.09
2006-12-26	199.86
2006-12-27	201.95
2006-12-28	200.8
2006-12-29	199.35
2007-01-03	200.72
2007-01-04	198.85
2007-01-05	199.05
2007-01-08	203.73
2007-01-09	204.08
2007-01-10	208.11
2007-01-11	211.88
2007-01-12	213.99
2007-01-16	213.59
2007-01-17	213.23
2007-01-18	209.33
2007-01-19	210.29
2007-01-22	212.97
2007-01-23	212.64
2007-01-24	220.1
2007-01-25	213.07
2007-01-26	213.5
2007-01-29	211.04
2007-01-30	208.78
2007-01-31	212.16
2007-02-01	212.0
2007-02-02	213.43
2007-02-05	212.55
2007-02-06	214.65
2007-02-07	213.55
2007-02-08	213.9
2007-02-09	213.28
2007-02-12	211.13
2007-02-13	212.53
2007-02-14	217.4
2007-02-15	216.82
2007-02-16	216.92
2007-02-20	220.94
2007-02-21	220.15
2007-02-22	218.97
2007-02-23	216.5
2007-02-26	214.0
2007-02-27	199.76
2007-02-28	201.75
2007-03-01	199.66
2007-03-02	195.67
2007-03-05	190.0
2007-03-06	197.37
2007-03-07	195.59
2007-03-08	199.94
2007-03-09	201.7
2007-03-12	202.6
2007-03-13	199.03
2007-03-14	200.15
2007-03-15	200.89
2007-03-16	199.0
2007-03-19	202.44
2007-03-20	204.0
2007-03-21	210.95
2007-03-22	210.08
2007-03-23	211.89
2007-03-26	211.73
2007-03-27	209.87
2007-03-28	206.76
2007-03-29	207.2
2007-03-30	206.63
2007-04-02	205.65
2007-04-03	209.75
2007-04-04	208.79
2007-04-05	207.93
2007-04-09	208.94
2007-04-10	209.05
2007-04-11	206.93
2007-04-12	207.05
2007-04-13	206.5
2007-04-16	214.52
2007-04-17	214.9
2007-04-18	216.75
2007-04-19	218.94
2007-04-20	220.0
2007-04-23	222.42
2007-04-24	220.72
2007-04-25	225.6
2007-04-26	224.81
2007-04-27	224.28
2007-04-30	218.61
2007-05-01	218.58
2007-05-02	219.49
2007-05-03	221.56
2007-05-04	227.34
2007-05-07	227.22
2007-05-08	224.95
2007-05-09	226.57
2007-05-10	223.1
2007-05-11	227.5
2007-05-14	226.18
2007-05-15	224.38
2007-05-16	227.11
2007-05-17	227.38
2007-05-18	230.34
2007-05-21	229.23
2007-05-22	230.71
2007-05-23	228.54
2007-05-24	225.68
2007-05-25	225.53
2007-05-29	228.44
2007-05-30	232.0
2007-05-31	230.82
2007-06-01	230.71
2007-06-04	229.71
2007-06-05	229.36
2007-06-06	227.35
2007-06-07	220.05
2007-06-08	225.06
2007-06-11	227.16
2007-06-12	227.85
2007-06-13	233.64
2007-06-14	225.75
2007-06-15	226.19
2007-06-18	226.97
2007-06-19	229.47
2007-06-20	225.89
2007-06-21	226.9
2007-06-22	222.4
2007-06-25	216.74
2007-06-26	214.17
2007-06-27	219.33
2007-06-28	218.96
2007-06-29	216.75
2007-07-02	219.18
2007-07-03	224.55
2007-07-05	221.32
2007-07-06	223.64
2007-07-09	223.3
2007-07-10	217.08
2007-07-11	216.72
2007-07-12	220.29
2007-07-13	222.18
2007-07-16	220.4
2007-07-17	219.4
2007-07-18	214.99
2007-07-19	211.69
2007-07-20	205.94
2007-07-23	205.04
2007-07-24	198.15
2007-07-25	203.16
2007-07-26	195.12
2007-07-27	192.65
2007-07-30	195.74
2007-07-31	188.34
2007-08-01	189.0
2007-08-02	187.46
2007-08-03	179.68
2007-08-06	187.79
2007-08-07	191.25
2007-08-08	193.3
2007-08-09	182.25
2007-08-10	180.5
2007-08-13	177.5
2007-08-14	169.75
2007-08-15	164.9
2007-08-16	169.85
2007-08-17	175.0
2007-08-20	172.76
2007-08-21	175.48
2007-08-22	177.89
2007-08-23	177.5
2007-08-24	179.73
2007-08-27	177.95
2007-08-28	170.95
2007-08-29	173.72
2007-08-30	171.38
2007-08-31	176.01
2007-09-04	180.8
2007-09-05	177.81
2007-09-06	179.18
2007-09-07	178.98
2007-09-10	183.61
2007-09-11	183.5
2007-09-12	182.53
2007-09-13	188.47
2007-09-14	190.59
2007-09-17	187.61
2007-09-18	200.5
2007-09-19	205.5
2007-09-20	203.53
2007-09-21	209.98
2007-09-24	210.43
2007-09-25	210.9
2007-09-26	214.61
2007-09-27	216.78
2007-09-28	216.74
2007-10-01	222.98
2007-10-02	228.02
2007-10-03	227.35
2007-10-04	225.95
2007-10-05	228.5
2007-10-08	226.96
2007-10-09	239.2
2007-10-10	235.94
2007-10-11	229.01
2007-10-12	233.56
2007-10-15	229.34
2007-10-16	224.83
2007-10-17	227.62
2007-10-18	227.85
2007-10-19	217.69
2007-10-22	222.18
2007-10-23	223.76
2007-10-24	225.12
2007-10-25	226.66
2007-10-26	235.92
2007-10-29	243.81
2007-10-30	240.33
2007-10-31	247.92
2007-11-01	240.21
2007-11-02	229.6
2007-11-05	218.39
2007-11-06	223.16
2007-11-07	214.18
2007-11-08	209.94
2007-11-09	211.33
2007-11-12	214.71
2007-11-13	233.04
2007-11-14	233.31
2007-11-15	227.02
2007-11-16	225.25
2007-11-19	220.54
2007-11-20	217.48
2007-11-21	209.5
2007-11-23	216.48
2007-11-26	207.45
2007-11-27	213.33
2007-11-28	227.52
2007-11-29	224.38
2007-11-30	226.64
2007-12-03	226.89
2007-12-04	215.22
2007-12-05	218.26
2007-12-06	222.51
2007-12-07	217.89
2007-12-10	224.21
2007-12-11	211.15
2007-12-12	212.58
2007-12-13	208.48
2007-12-14	210.67
2007-12-17	208.63
2007-12-18	201.51
2007-12-19	204.16
2007-12-20	202.67
2007-12-21	209.6
2007-12-24	214.32
2007-12-26	216.69
2007-12-27	211.95
2007-12-28	211.94
2007-12-31	215.05
2008-01-02	207.6
2008-01-03	204.84
2008-01-04	199.93
2008-01-07	194.73
2008-01-08	189.5
2008-01-09	191.75
2008-01-10	196.91
2008-01-11	198.74
2008-01-14	201.65
2008-01-15	193.29
2008-01-16	197.5
2008-01-17	190.98
2008-01-18	187.21
2008-01-22	190.69
2008-01-23	199.39
2008-01-24	199.2
2008-01-25	191.37
2008-01-28	196.25
2008-01-29	196.05
2008-01-30	198.55
2008-01-31	199.55
2008-02-01	207.78
2008-02-04	200.8
2008-02-05	189.86
2008-02-06	187.17
2008-02-07	190.46
2008-02-08	187.07
2008-02-11	185.87
2008-02-12	180.65
2008-02-13	180.18
2008-02-14	176.56
2008-02-15	178.41
2008-02-19	173.8
2008-02-20	177.25
2008-02-21	175.17
2008-02-22	177.71
2008-02-25	177.36
2008-02-26	172.7
2008-02-27	180.8
2008-02-28	176.7
2008-02-29	169.63
2008-03-03	165.08
2008-03-04	163.6
2008-03-05	164.97
2008-03-06	158.65
2008-03-07	160.07
2008-03-10	155.58
2008-03-11	163.07
2008-03-12	163.01
2008-03-13	165.44
2008-03-14	156.86
2008-03-17	151.02
2008-03-18	175.59
2008-03-19	166.49
2008-03-20	179.63
2008-03-24	178.88
2008-03-25	179.63
2008-03-26	175.48
2008-03-27	168.14
2008-03-28	164.45
2008-03-31	165.39
2008-04-01	176.86
2008-04-02	176.87
2008-04-03	176.53
2008-04-04	175.4
2008-04-07	178.73
2008-04-08	178.9
2008-04-09	174.14
2008-04-10	170.55
2008-04-11	167.3
2008-04-14	163.59
2008-04-15	164.2
2008-04-16	169.05
2008-04-17	172.1
2008-04-18	179.93
2008-04-21	180.4
2008-04-22	179.76
2008-04-23	179.35
2008-04-24	188.79
2008-04-25	192.0
2008-04-28	190.24
2008-04-29	192.68
2008-04-30	191.37
2008-05-01	199.05
2008-05-02	200.27
2008-05-05	197.12
2008-05-06	197.61
2008-05-07	189.76
2008-05-08	187.72
2008-05-09	188.09
2008-05-12	192.08
2008-05-13	190.33
2008-05-14	190.13
2008-05-15	188.62
2008-05-16	187.14
2008-05-19	184.4
2008-05-20	182.43
2008-05-21	178.6
2008-05-22	177.2
2008-05-23	172.64
2008-05-27	173.92
2008-05-28	174.83
2008-05-29	176.24
2008-05-30	176.41
2008-06-02	172.34
2008-06-03	170.58
2008-06-04	172.1
2008-06-05	176.6
2008-06-06	169.44
2008-06-09	165.76
2008-06-10	167.21
2008-06-11	162.4
2008-06-12	166.75
2008-06-13	178.29
2008-06-16	182.09
2008-06-17	179.44
2008-06-18	182.77
2008-06-19	186.93
2008-06-20	183.77
2008-06-23	178.59
2008-06-24	181.98
2008-06-25	183.65
2008-06-26	176.26
2008-06-27	174.56
2008-06-30	174.9
2008-07-01	175.33
2008-07-02	178.79
2008-07-03	178.89
2008-07-07	169.82
2008-07-08	174.9
2008-07-09	169.02
2008-07-10	170.16
2008-07-11	162.48
2008-07-14	158.67
2008-07-15	157.8
2008-07-16	172.86
2008-07-17	181.24
2008-07-18	182.84
2008-07-21	180.78
2008-07-22	188.04
2008-07-23	187.87
2008-07-24	180.26
2008-07-25	178.66
2008-07-28	172.9
2008-07-29	181.63
2008-07-30	186.17
2008-07-31	184.04
2008-08-01	182.0
2008-08-04	177.86
2008-08-05	180.77
2008-08-06	179.55
2008-08-07	172.33
2008-08-08	175.95
2008-08-11	178.0
2008-08-12	167.3
2008-08-13	164.9
2008-08-14	166.59
2008-08-15	163.18
2008-08-18	160.04
2008-08-19	158.0
2008-08-20	158.25
2008-08-21	156.42
2008-08-22	159.81
2008-08-25	155.71
2008-08-26	155.91
2008-08-27	155.48
2008-08-28	161.83
2008-08-29	163.97
2008-09-02	165.32
2008-09-03	167.61
2008-09-04	160.9
2008-09-05	163.24
2008-09-08	169.73
2008-09-09	161.67
2008-09-10	157.59
2008-09-11	157.03
2008-09-12	154.21
2008-09-15	135.5
2008-09-16	133.01
2008-09-17	114.5
2008-09-18	108.0
2008-09-19	129.8
2008-09-22	120.78
2008-09-23	125.05
2008-09-24	133.0
2008-09-25	135.5
2008-09-26	137.99
2008-09-29	120.7
2008-09-30	128.0
2008-10-01	134.5
2008-10-02	131.54
2008-10-03	128.0
2008-10-06	124.0
2008-10-07	115.0
2008-10-08	113.0
2008-10-09	101.35
2008-10-10	88.8
2008-10-13	111.0
2008-10-14	122.9
2008-10-15	113.15
2008-10-16	112.4
2008-10-17	114.3
2008-10-20	121.5
2008-10-21	121.35
2008-10-22	115.06
2008-10-23	108.58
2008-10-24	100.4
2008-10-27	92.88
2008-10-28	93.57
2008-10-29	97.66
2008-10-30	91.11
2008-10-31	92.5
2008-11-03	89.09
2008-11-04	95.0
2008-11-05	87.43
2008-11-06	80.72
2008-11-07	77.78
2008-11-10	71.21
2008-11-11	74.68
2008-11-12	66.79
2008-11-13	69.99
2008-11-14	66.73
2008-11-17	62.49
2008-11-18	62.03
2008-11-19	55.18
2008-11-20	52.0
2008-11-21	53.31
2008-11-24	67.42
2008-11-25	71.78
2008-11-26	76.5
2008-11-28	78.99
2008-12-01	65.76
2008-12-02	65.0
2008-12-03	68.95
2008-12-04	67.53
2008-12-05	70.72
2008-12-08	77.15
2008-12-09	72.77
2008-12-10	71.53
2008-12-11	69.71
2008-12-12	67.74
2008-12-15	66.46
2008-12-16	76.0
2008-12-17	78.78
2008-12-18	80.05
2008-12-19	80.73
2008-12-22	77.0
2008-12-23	75.2
2008-12-24	76.44
2008-12-26	75.97
2008-12-29	76.56
2008-12-30	82.06
2008-12-31	84.39
2009-01-02	86.76
2009-01-05	88.78
2009-01-06	88.71
2009-01-07	84.5
2009-01-08	85.41
2009-01-09	83.92
2009-01-12	77.67
2009-01-13	77.92
2009-01-14	75.69
2009-01-15	73.83
2009-01-16	73.05
2009-01-20	59.2
2009-01-21	69.9
2009-01-22	71.03
2009-01-23	74.91
2009-01-26	74.2
2009-01-27	78.26
2009-01-28	87.7
2009-01-29	82.72
2009-01-30	80.73
2009-02-02	83.57
2009-02-03	82.81
2009-02-04	87.97
2009-02-05	92.85
2009-02-06	96.57
2009-02-09	97.89
2009-02-10	90.4
2009-02-11	94.71
2009-02-12	95.58
2009-02-13	96.45
2009-02-17	85.71
2009-02-18	84.5
2009-02-19	86.01
2009-02-20	84.59
2009-02-23	80.07
2009-02-24	92.98
2009-02-25	89.92
2009-02-26	92.15
2009-02-27	91.08
2009-03-02	86.27
2009-03-03	82.37
2009-03-04	85.47
2009-03-05	81.72
2009-03-06	75.65
2009-03-09	73.95
2009-03-10	85.28
2009-03-11	92.39
2009-03-12	97.25
2009-03-13	98.8
2009-03-16	93.9
2009-03-17	98.99
2009-03-18	105.25
2009-03-19	99.3
2009-03-20	97.32
2009-03-23	111.93
2009-03-24	110.63
2009-03-25	112.95
2009-03-26	111.99
2009-03-27	108.08
2009-03-30	100.46
2009-03-31	106.02
2009-04-01	110.29
2009-04-02	114.22
2009-04-03	119.4
2009-04-06	116.65
2009-04-07	116.08
2009-04-08	114.75
2009-04-09	124.33
2009-04-13	130.15
2009-04-14	115.11
2009-04-15	121.19
2009-04-16	121.19
2009-04-17	120.6
2009-04-20	115.01
2009-04-21	120.36
2009-04-22	120.49
2009-04-23	122.81
2009-04-24	121.3
2009-04-27	120.9
2009-04-28	120.67
2009-04-29	127.18
2009-04-30	128.5
2009-05-01	127.08
2009-05-04	134.16
2009-05-05	135.2
2009-05-06	139.22
2009-05-07	133.73
2009-05-08	139.59
2009-05-11	135.78
2009-05-12	135.41
2009-05-13	129.26
2009-05-14	133.6
2009-05-15	134.4
2009-05-18	143.15
2009-05-19	141.15
2009-05-20	136.44
2009-05-21	137.16
2009-05-22	136.35
2009-05-26	142.05
2009-05-27	140.01
2009-05-28	144.65
2009-05-29	144.57
2009-06-01	144.33
2009-06-02	143.13
2009-06-03	142.15
2009-06-04	149.47
2009-06-05	149.01
2009-06-08	148.35
2009-06-09	149.31
2009-06-10	146.68
2009-06-11	145.15
2009-06-12	145.64
2009-06-15	143.01
2009-06-16	144.16
2009-06-17	139.73
2009-06-18	143.09
2009-06-19	143.13
2009-06-22	137.01
2009-06-23	141.19
2009-06-24	142.65
2009-06-25	144.43
2009-06-26	146.74
2009-06-29	149.36
2009-06-30	147.44
2009-07-01	147.32
2009-07-02	143.72
2009-07-06	146.46
2009-07-07	142.54
2009-07-08	138.55
2009-07-09	143.21
2009-07-10	141.87
2009-07-13	149.44
2009-07-14	149.66
2009-07-15	155.26
2009-07-16	156.84
2009-07-17	156.84
2009-07-20	160.03
2009-07-21	159.8
2009-07-22	160.46
2009-07-23	165.45
2009-07-24	164.72
2009-07-27	163.87
2009-07-28	160.54
2009-07-29	159.44
2009-07-30	162.42
2009-07-31	163.3
2009-08-03	164.1
2009-08-04	165.17
2009-08-05	168.64
2009-08-06	166.75
2009-08-07	163.65
2009-08-10	160.36
2009-08-11	159.22
2009-08-12	163.76
2009-08-13	164.48
2009-08-14	162.73
2009-08-17	157.25
2009-08-18	160.48
2009-08-19	159.93
2009-08-20	161.98
2009-08-21	163.51
2009-08-24	162.58
2009-08-25	164.94
2009-08-26	165.95
2009-08-27	165.02
2009-08-28	164.42
2009-08-31	165.46
2009-09-01	160.17
2009-09-02	158.54
2009-09-03	161.66
2009-09-04	162.97
2009-09-08	167.22
2009-09-09	170.27
2009-09-10	174.87
2009-09-11	174.7
2009-09-14	177.71
2009-09-15	176.66
2009-09-16	179.87
2009-09-17	181.46
2009-09-18	183.18
2009-09-21	182.39
2009-09-22	185.52
2009-09-23	183.64
2009-09-24	183.06
2009-09-25	179.5
2009-09-28	182.5
2009-09-29	183.58
2009-09-30	184.35
2009-10-01	178.99
2009-10-02	179.61
2009-10-05	186.47
2009-10-06	186.98
2009-10-07	190.48
2009-10-08	188.17
2009-10-09	189.3
2009-10-12	190.15
2009-10-13	187.23
2009-10-14	192.28
2009-10-15	188.63
2009-10-16	184.37
2009-10-19	185.5
2009-10-20	184.96
2009-10-21	179.26
2009-10-22	183.69
2009-10-23	180.36
2009-10-26	179.37
2009-10-27	178.61
2009-10-28	172.16
2009-10-29	178.58
2009-10-30	170.17
2009-11-02	170.68
2009-11-03	171.61
2009-11-04	169.5
2009-11-05	173.4
2009-11-06	171.78
2009-11-09	176.57
2009-11-10	176.51
2009-11-11	179.85
2009-11-12	178.48
2009-11-13	176.76
2009-11-16	177.25
2009-11-17	176.6
2009-11-18	176.9
2009-11-19	172.83
2009-11-20	170.01
2009-11-23	172.0
2009-11-24	171.13
2009-11-25	164.16
2009-11-27	163.81
2009-11-30	169.66
2009-12-01	167.63
2009-12-02	166.66
2009-12-03	164.3
2009-12-04	167.24
2009-12-07	163.85
2009-12-08	161.84
2009-12-09	166.44
2009-12-10	166.73
2009-12-11	166.0
2009-12-14	166.1
2009-12-15	162.74
2009-12-16	164.99
2009-12-17	160.93
2009-12-18	163.19
2009-12-21	165.45
2009-12-22	164.6
2009-12-23	163.63
2009-12-24	163.97
2009-12-28	163.76
2009-12-29	164.12
2009-12-30	166.7
2009-12-31	168.84
2010-01-04	173.08
2010-01-05	176.14
2010-01-06	174.26
2010-01-07	177.67
2010-01-08	174.31
2010-01-11	171.56
2010-01-12	167.82
2010-01-13	169.07
2010-01-14	168.53
2010-01-15	165.21
2010-01-19	166.86
2010-01-20	167.79
2010-01-21	160.87
2010-01-22	154.12
2010-01-25	154.98
2010-01-26	150.88
2010-01-27	151.5
2010-01-28	153.29
2010-01-29	148.72
2010-02-01	153.13
2010-02-02	156.94
2010-02-03	157.23
2010-02-04	150.68
2010-02-05	154.16
2010-02-08	151.1
2010-02-09	152.49
2010-02-10	153.63
2010-02-11	154.05
2010-02-12	153.93
2010-02-16	157.4
2010-02-17	157.26
2010-02-18	155.73
2010-02-19	156.18
2010-02-22	156.71
2010-02-23	156.7
2010-02-24	158.33
2010-02-25	156.09
2010-02-26	156.35
2010-03-01	156.54
2010-03-02	158.75
2010-03-03	157.72
2010-03-04	163.61
2010-03-05	167.18
2010-03-08	169.84
2010-03-09	168.85
2010-03-10	171.94
2010-03-11	173.51
2010-03-12	174.96
2010-03-15	173.53
2010-03-16	176.19
2010-03-17	176.64
2010-03-18	177.45
2010-03-19	177.9
2010-03-22	176.1575
2010-03-23	174.83
2010-03-24	174.41
2010-03-25	174.9
2010-03-26	172.87
2010-03-29	174.05
2010-03-30	171.38
2010-03-31	170.63
2010-04-01	170.22
2010-04-05	173.16
2010-04-06	172.9
2010-04-07	176.36
2010-04-08	179.5
2010-04-09	179.12
2010-04-12	177.84
2010-04-13	179.25
2010-04-14	184.92
2010-04-15	184.27
2010-04-16	160.7
2010-04-19	163.32
2010-04-20	159.98
2010-04-21	158.93
2010-04-22	159.05
2010-04-23	157.4
2010-04-26	152.03
2010-04-27	153.04
2010-04-28	157.01
2010-04-29	160.24
2010-04-30	145.2
2010-05-03	149.5
2010-05-04	149.45
2010-05-05	148.19
2010-05-06	142.32
2010-05-07	142.99
2010-05-10	143.83
2010-05-11	141.97
2010-05-12	147.2
2010-05-13	144.65
2010-05-14	143.23
2010-05-17	142.64
2010-05-18	137.36
2010-05-19	140.1
2010-05-20	136.1
2010-05-21	140.62
2010-05-24	136.69
2010-05-25	142.56
2010-05-26	140.3
2010-05-27	144.95
2010-05-28	144.26
2010-06-01	141.86
2010-06-02	144.83
2010-06-03	144.04
2010-06-04	142.25
2010-06-07	138.68
2010-06-08	137.78
2010-06-09	136.8
2010-06-10	133.77
2010-06-11	135.64
2010-06-14	133.44
2010-06-15	136.9
2010-06-16	137.06
2010-06-17	137.32
2010-06-18	138.18
2010-06-21	137.74
2010-06-22	134.79
2010-06-23	135.07
2010-06-24	134.98
2010-06-25	139.66
2010-06-28	136.66
2010-06-29	133.76
2010-06-30	131.27
2010-07-01	131.14
2010-07-02	131.08
2010-07-06	132.26
2010-07-07	135.83
2010-07-08	135.46
2010-07-09	138.06
2010-07-12	137.25
2010-07-13	140.25
2010-07-14	139.06
2010-07-15	145.22
2010-07-16	146.17
2010-07-19	145.68
2010-07-20	148.91
2010-07-21	146.99
2010-07-22	146.55
2010-07-23	147.38
2010-07-26	148.2
2010-07-27	147.23
2010-07-28	147.2
2010-07-29	152.58
2010-07-30	150.82
2010-08-02	152.74
2010-08-03	153.19
2010-08-04	156.41
2010-08-05	155.92
2010-08-06	155.18
2010-08-09	155.4
2010-08-10	153.9
2010-08-11	149.25
2010-08-12	149.42
2010-08-13	148.08
2010-08-16	147.76
2010-08-17	148.59
2010-08-18	149.2
2010-08-19	147.05
2010-08-20	148.24
2010-08-23	146.74
2010-08-24	143.95
2010-08-25	144.68
2010-08-26	141.81
2010-08-27	139.75
2010-08-30	136.66
2010-08-31	136.93
2010-09-01	139.74
2010-09-02	139.78
2010-09-03	147.29
2010-09-07	145.21
2010-09-08	147.54
2010-09-09	149.14
2010-09-10	150.39
2010-09-13	154.37
2010-09-14	152.53
2010-09-15	152.56
2010-09-16	152.23
2010-09-17	150.98
2010-09-20	151.9
2010-09-21	151.4
2010-09-22	148.07
2010-09-23	144.91
2010-09-24	147.28
2010-09-27	146.0
2010-09-28	145.01
2010-09-29	144.42
2010-09-30	144.58
2010-10-01	147.7
2010-10-04	146.57
2010-10-05	149.57
2010-10-06	150.84
2010-10-07	151.11
2010-10-08	152.66
2010-10-11	152.2
2010-10-12	155.21
2010-10-13	154.73
2010-10-14	151.59
2010-10-15	150.69
2010-10-18	153.7
2010-10-19	156.72
2010-10-20	159.6
2010-10-21	159.3
2010-10-22	157.76
2010-10-25	157.39
2010-10-26	158.29
2010-10-27	160.15
2010-10-28	163.24
2010-10-29	161.13
2010-11-01	161.57
2010-11-02	162.82
2010-11-03	162.63
2010-11-04	166.39
2010-11-05	171.07
2010-11-08	169.2
2010-11-09	166.55
2010-11-10	167.22
2010-11-11	167.71
2010-11-12	165.83
2010-11-15	167.22
2010-11-16	165.1
2010-11-17	164.89
2010-11-18	167.35
2010-11-19	166.67
2010-11-22	161.05
2010-11-23	157.78
2010-11-24	160.26
2010-11-26	158.22
2010-11-29	158.22
2010-11-30	156.14
2010-12-01	158.45
2010-12-02	162.5
2010-12-03	162.31
2010-12-06	162.65
2010-12-07	161.59
2010-12-08	166.14
2010-12-09	166.45
2010-12-10	168.47
2010-12-13	169.48
2010-12-14	167.33
2010-12-15	165.21
2010-12-16	164.46
2010-12-17	164.04
2010-12-20	166.05
2010-12-21	168.23
2010-12-22	169.6
2010-12-23	167.6
2010-12-27	169.83
2010-12-28	169.19
2010-12-29	167.63
2010-12-30	167.64
2010-12-31	168.16
2011-01-03	173.05
2011-01-04	173.08
2011-01-05	174.0
2011-01-06	172.21
2011-01-07	170.69
2011-01-10	169.76
2011-01-11	169.36
2011-01-12	171.67
2011-01-13	171.57
2011-01-14	175.0
2011-01-18	174.68
2011-01-19	166.49
2011-01-20	165.69
2011-01-21	166.2
2011-01-24	166.3
2011-01-25	161.98
2011-01-26	161.31
2011-01-27	164.03
2011-01-28	161.77
2011-01-31	163.62
2011-02-01	165.33
2011-02-02	165.05
2011-02-03	164.64
2011-02-04	164.83
2011-02-07	167.13
2011-02-08	168.55
2011-02-09	166.01
2011-02-10	165.34
2011-02-11	166.66
2011-02-14	167.52
2011-02-15	167.91
2011-02-16	168.81
2011-02-17	167.16
2011-02-18	168.04
2011-02-22	162.94
2011-02-23	163.09
2011-02-24	163.44
2011-02-25	165.12
2011-02-28	163.78
2011-03-01	161.31
2011-03-02	161.69
2011-03-03	164.49
2011-03-04	161.0
2011-03-07	159.15
2011-03-08	161.3
2011-03-09	162.35
2011-03-10	160.27
2011-03-11	160.68
2011-03-14	158.43
2011-03-15	157.25
2011-03-16	154.38
2011-03-17	155.75
2011-03-18	159.96
2011-03-21	160.21
2011-03-22	160.79
2011-03-23	159.53
2011-03-24	159.91
2011-03-25	157.97
2011-03-28	156.47
2011-03-29	158.47
2011-03-30	159.07
2011-03-31	158.6
2011-04-01	160.23
2011-04-04	158.9
2011-04-05	158.91
2011-04-06	161.89
2011-04-07	162.4
2011-04-08	160.96
2011-04-11	161.47
2011-04-12	160.42
2011-04-13	160.17
2011-04-14	155.79
2011-04-15	155.13
2011-04-18	153.78
2011-04-19	151.86
2011-04-20	152.7
2011-04-21	153.51
2011-04-25	152.19
2011-04-26	153.27
2011-04-27	152.86
2011-04-28	150.6
2011-04-29	151.01
2011-05-02	151.3
2011-05-03	151.87
2011-05-04	151.52
2011-05-05	150.41
2011-05-06	150.1
2011-05-09	149.12
2011-05-10	150.4
2011-05-11	147.88
2011-05-12	142.75
2011-05-13	141.46
2011-05-16	140.6
2011-05-17	140.81
2011-05-18	140.84
2011-05-19	139.34
2011-05-20	134.99
2011-05-23	135.84
2011-05-24	136.34
2011-05-25	136.24
2011-05-26	136.26
2011-05-27	138.66
2011-05-31	140.73
2011-06-01	136.17
2011-06-02	134.38
2011-06-03	135.33
2011-06-06	133.9
2011-06-07	132.99
2011-06-08	131.59
2011-06-09	133.53
2011-06-10	135.92
2011-06-13	137.53
2011-06-14	137.1
2011-06-15	134.85
2011-06-16	136.09
2011-06-17	137.23
2011-06-20	135.14
2011-06-21	135.96
2011-06-22	134.52
2011-06-23	132.36
2011-06-24	130.91
2011-06-27	130.71
2011-06-28	129.26
2011-06-29	132.53
2011-06-30	133.09
2011-07-01	136.65
2011-07-05	134.5
2011-07-06	133.89
2011-07-07	135.01
2011-07-08	134.08
2011-07-11	132.02
2011-07-12	130.31
2011-07-13	129.92
2011-07-14	129.89
2011-07-15	130.16
2011-07-18	129.33
2011-07-19	128.49
2011-07-20	132.75
2011-07-21	135.58
2011-07-22	135.49
2011-07-25	136.85
2011-07-26	137.6
2011-07-27	134.72
2011-07-28	135.84
2011-07-29	134.97
2011-08-01	134.15
2011-08-02	131.23
2011-08-03	132.08
2011-08-04	126.23
2011-08-05	125.18
2011-08-08	117.66
2011-08-09	122.73
2011-08-10	110.34
2011-08-11	118.1
2011-08-12	116.47
2011-08-15	119.13
2011-08-16	116.87
2011-08-17	117.25
2011-08-18	113.14
2011-08-19	111.76
2011-08-22	106.51
2011-08-23	106.86
2011-08-24	110.31
2011-08-25	109.84
2011-08-26	111.75
2011-08-29	116.07
2011-08-30	115.18
2011-08-31	116.22
2011-09-01	112.16
2011-09-02	107.06
2011-09-06	104.56
2011-09-07	108.34
2011-09-08	104.79
2011-09-09	102.25
2011-09-12	102.92
2011-09-13	104.09
2011-09-14	104.54
2011-09-15	107.97
2011-09-16	107.49
2011-09-19	104.81
2011-09-20	102.61
2011-09-21	97.86
2011-09-22	93.98
2011-09-23	95.18
2011-09-26	99.14
2011-09-27	99.55
2011-09-28	96.32
2011-09-29	99.87
2011-09-30	94.55
2011-10-03	90.08
2011-10-04	94.58
2011-10-05	94.29
2011-10-06	97.93
2011-10-07	92.69
2011-10-10	96.14
2011-10-11	96.7
2011-10-12	99.11
2011-10-13	96.15
2011-10-14	96.73
2011-10-17	96.9
2011-10-18	102.25
2011-10-19	100.79
2011-10-20	100.86
2011-10-21	102.09
2011-10-24	103.98
2011-10-25	100.44
2011-10-26	106.33
2011-10-27	114.91
2011-10-28	115.86
2011-10-31	109.55
2011-11-01	103.54
2011-11-02	106.13
2011-11-03	107.68
2011-11-04	105.04
2011-11-07	105.57
2011-11-08	108.58
2011-11-09	99.67
2011-11-10	99.5
2011-11-11	101.66
2011-11-14	99.29
2011-11-15	99.75
2011-11-16	95.6
2011-11-17	92.35
2011-11-18	91.91
2011-11-21	91.3
2011-11-22	89.4
2011-11-23	87.89
2011-11-25	88.75
2011-11-28	90.78
2011-11-29	88.81
2011-11-30	95.86
2011-12-01	94.43
2011-12-02	97.25
2011-12-05	99.82
2011-12-06	101.16
2011-12-07	105.13
2011-12-08	99.92
2011-12-09	101.45
2011-12-12	98.03
2011-12-13	95.04
2011-12-14	93.25
2011-12-15	91.9
2011-12-16	90.1
2011-12-19	87.7
2011-12-20	90.98
2011-12-21	92.0
2011-12-22	94.42
2011-12-23	93.79
2011-12-27	91.9
2011-12-28	90.12
2011-12-29	91.01
2011-12-30	90.43
2012-01-03	95.36
2012-01-04	94.74
2012-01-05	94.58
2012-01-06	93.42
2012-01-09	94.69
2012-01-10	98.33
2012-01-11	99.76
2012-01-12	101.21
2012-01-13	98.96
2012-01-17	97.68
2012-01-18	104.31
2012-01-19	107.68
2012-01-20	108.74
2012-01-23	108.19
2012-01-24	108.87
2012-01-25	108.27
2012-01-26	108.56
2012-01-27	111.77
2012-01-30	109.73
2012-01-31	111.47
2012-02-01	113.45
2012-02-02	113.39
2012-02-03	117.53
2012-02-06	117.39
2012-02-07	115.98
2012-02-08	116.15
2012-02-09	115.88
2012-02-10	114.12
2012-02-13	114.53
2012-02-14	112.87
2012-02-15	113.17
2012-02-16	114.74
2012-02-17	115.91
2012-02-21	116.63
2012-02-22	114.36
2012-02-23	115.8
2012-02-24	115.87
2012-02-27	116.23
2012-02-28	117.11
2012-02-29	115.14
2012-03-01	121.13
2012-03-02	119.96
2012-03-05	118.63
2012-03-06	113.67
2012-03-07	116.4
2012-03-08	117.17
2012-03-09	117.29
2012-03-12	116.99
2012-03-13	124.54
2012-03-14	120.37
2012-03-15	123.06
2012-03-16	122.93
2012-03-19	124.3
2012-03-20	126.02
2012-03-21	125.99
2012-03-22	124.74
2012-03-23	126.18
2012-03-26	128.07
2012-03-27	126.33
2012-03-28	126.36
2012-03-29	123.76
2012-03-30	124.37
2012-04-02	124.9
2012-04-03	122.71
2012-04-04	119.96
2012-04-05	118.0
2012-04-09	117.02
2012-04-10	114.56
2012-04-11	115.93
2012-04-12	120.39
2012-04-13	115.09
2012-04-16	117.73
2012-04-17	116.86
2012-04-18	115.33
2012-04-19	113.6
2012-04-20	112.44
2012-04-23	111.75
2012-04-24	114.11
2012-04-25	113.98
2012-04-26	114.56
2012-04-27	114.41
2012-04-30	115.15
2012-05-01	115.33
2012-05-02	113.77
2012-05-03	111.53
2012-05-04	108.99
2012-05-07	110.04
2012-05-08	109.37
2012-05-09	107.29
2012-05-10	106.32
2012-05-11	102.13
2012-05-14	99.77
2012-05-15	99.87
2012-05-16	98.2
2012-05-17	97.08
2012-05-18	95.49
2012-05-21	96.51
2012-05-22	97.53
2012-05-23	98.04
2012-05-24	96.86
2012-05-25	96.7
2012-05-29	97.86
2012-05-30	94.61
2012-05-31	95.7
2012-06-01	92.64
2012-06-04	91.0
2012-06-05	92.21
2012-06-06	94.96
2012-06-07	94.0
2012-06-08	94.54
2012-06-11	92.8
2012-06-12	94.04
2012-06-13	92.72
2012-06-14	93.82
2012-06-15	95.66
2012-06-18	93.63
2012-06-19	96.37
2012-06-20	96.55
2012-06-21	93.9
2012-06-22	93.63
2012-06-25	91.22
2012-06-26	91.03
2012-06-27	93.27
2012-06-28	93.49
2012-06-29	95.86
2012-07-02	97.13
2012-07-03	98.6
2012-07-05	95.92
2012-07-06	95.47
2012-07-09	94.47
2012-07-10	94.25
2012-07-11	95.13
2012-07-12	94.02
2012-07-13	97.43
2012-07-16	97.68
2012-07-17	97.98
2012-07-18	96.51
2012-07-19	95.0
2012-07-20	94.16
2012-07-23	93.16
2012-07-24	94.47
2012-07-25	95.96
2012-07-26	98.06
2012-07-27	101.64
2012-07-30	100.88
2012-07-31	100.9
2012-08-01	100.09
2012-08-02	97.81
2012-08-03	100.98
2012-08-06	102.02
2012-08-07	103.24
2012-08-08	102.5
2012-08-09	103.6
2012-08-10	103.02
2012-08-13	103.61
2012-08-14	103.26
2012-08-15	103.13
2012-08-16	103.49
2012-08-17	103.6
2012-08-20	105.28
2012-08-21	105.32
2012-08-22	104.67
2012-08-23	104.08
2012-08-24	104.96
2012-08-27	105.12
2012-08-28	105.03
2012-08-29	105.53
2012-08-30	104.72
2012-08-31	105.72
2012-09-04	106.41
2012-09-05	109.94
2012-09-06	113.54
2012-09-07	116.33
2012-09-10	114.68
2012-09-11	116.69
2012-09-12	118.24
2012-09-13	120.67
2012-09-14	121.36
2012-09-17	119.9
2012-09-18	119.88
2012-09-19	119.02
2012-09-20	117.63
2012-09-21	116.72
2012-09-24	116.6
2012-09-25	113.5
2012-09-26	113.08
2012-09-27	115.23
2012-09-28	113.68
2012-10-01	116.86
2012-10-02	117.25
2012-10-03	117.91
2012-10-04	119.9
2012-10-05	119.31
2012-10-08	119.46
2012-10-09	119.63
2012-10-10	120.08
2012-10-11	121.99
2012-10-12	120.2
2012-10-15	124.5
2012-10-16	123.22
2012-10-17	124.92
2012-10-18	125.15
2012-10-19	123.62
2012-10-22	122.77
2012-10-23	119.0
2012-10-24	119.77
2012-10-25	119.72
2012-10-26	119.44
2012-10-31	122.39
2012-11-01	124.85
2012-11-02	123.25
2012-11-05	124.08
2012-11-06	126.25
2012-11-07	117.98
2012-11-08	115.27
2012-11-09	116.15
2012-11-12	117.24
2012-11-13	116.47
2012-11-14	114.24
2012-11-15	115.44
2012-11-16	115.84
2012-11-19	118.3
2012-11-20	118.09
2012-11-21	117.7
2012-11-23	120.31
2012-11-26	120.94
2012-11-27	118.41
2012-11-28	119.33
2012-11-29	118.73
2012-11-30	117.79
2012-12-03	118.4
2012-12-04	116.58
2012-12-05	117.13
2012-12-06	117.2
2012-12-07	116.57
2012-12-10	117.01
2012-12-11	118.86
2012-12-12	118.09
2012-12-13	118.5
2012-12-14	119.36
2012-12-17	123.49
2012-12-18	127.77
2012-12-19	127.2481
2012-12-20	129.72
2012-12-21	128.44
2012-12-24	127.54
2012-12-26	127.16
2012-12-27	126.67
2012-12-28	125.52
2012-12-31	127.56
2013-01-02	131.66
2013-01-03	130.94
2013-01-04	134.51
2013-01-07	134.26
2013-01-08	133.05
2013-01-09	134.32
2013-01-10	137.37
2013-01-11	137.13
2013-01-14	136.13
2013-01-15	135.59
2013-01-16	141.09
2013-01-17	141.01
2013-01-18	144.45
2013-01-22	145.95
2013-01-23	145.56
2013-01-24	144.96
2013-01-25	144.46
2013-01-28	144.15
2013-01-29	147.1
2013-01-30	147.15
2013-01-31	147.86
2013-02-01	149.9
2013-02-04	147.52
2013-02-05	150.45
2013-02-06	151.12
2013-02-07	150.26
2013-02-08	151.6
2013-02-11	152.24
2013-02-12	154.11
2013-02-13	154.52
2013-02-14	155.93
2013-02-15	154.99
2013-02-19	158.65
2013-02-20	155.18
2013-02-21	150.88
2013-02-22	154.09
2013-02-25	147.65
2013-02-26	148.0
2013-02-27	151.65
2013-02-28	149.76
2013-03-01	150.53
2013-03-04	152.18
2013-03-05	152.96
2013-03-06	154.13
2013-03-07	156.62
2013-03-08	152.98
2013-03-11	153.3
2013-03-12	151.85
2013-03-13	151.91
2013-03-14	154.02
2013-03-15	154.84
2013-03-18	151.95
2013-03-19	148.84
2013-03-20	150.13
2013-03-21	145.38
2013-03-22	146.6
2013-03-25	146.11
2013-03-26	146.54
2013-03-27	147.84
2013-03-28	147.15
2013-04-01	146.04
2013-04-02	146.68
2013-04-03	143.41
2013-04-04	142.99
2013-04-05	143.69
2013-04-08	143.82
2013-04-09	146.52
2013-04-10	149.46
2013-04-11	149.07
2013-04-12	149.12
2013-04-15	146.46
2013-04-16	144.1
2013-04-17	140.6
2013-04-18	138.6
2013-04-19	138.72
2013-04-22	139.52
2013-04-23	142.94
2013-04-24	143.93
2013-04-25	144.76
2013-04-26	144.11
2013-04-29	145.11
2013-04-30	146.07
2013-05-01	142.61
2013-05-02	143.67
2013-05-03	145.37
2013-05-06	148.45
2013-05-07	149.32
2013-05-08	150.26
2013-05-09	148.54
2013-05-10	149.1
2013-05-13	149.63
2013-05-14	154.52
2013-05-15	155.61
2013-05-16	154.47
2013-05-17	158.18
2013-05-20	158.9
2013-05-21	160.73
2013-05-22	159.34
2013-05-23	157.41
2013-05-24	158.72
2013-05-28	160.7
2013-05-29	162.87
2013-05-30	164.35
2013-05-31	162.08
2013-06-03	163.56
2013-06-04	161.68
2013-06-05	158.3
2013-06-06	159.68
2013-06-07	166.01
2013-06-10	167.49
2013-06-11	163.31
2013-06-12	161.86
2013-06-13	165.82
2013-06-14	162.92
2013-06-17	164.11
2013-06-18	164.15
2013-06-19	161.56
2013-06-20	155.41
2013-06-21	154.25
2013-06-24	150.78
2013-06-25	153.06
2013-06-26	151.66
2013-06-27	153.51
2013-06-28	151.25
2013-07-01	151.75
2013-07-02	150.92
2013-07-03	150.43
2013-07-05	153.24
2013-07-08	153.81
2013-07-09	156.94
2013-07-10	155.83
2013-07-11	157.71
2013-07-12	160.11
2013-07-15	163.0
2013-07-16	160.24
2013-07-17	161.5
2013-07-18	164.06
2013-07-19	164.36
2013-07-22	166.25
2013-07-23	166.26
2013-07-24	165.04
2013-07-25	165.91
2013-07-26	165.26
2013-07-29	163.17
2013-07-30	162.43
2013-07-31	164.03
2013-08-01	167.49
2013-08-02	167.62
2013-08-05	168.32
2013-08-06	164.78
2013-08-07	163.45
2013-08-08	162.84
2013-08-09	162.13
2013-08-12	161.69
2013-08-13	163.71
2013-08-14	163.34
2013-08-15	160.75
2013-08-16	160.66
2013-08-19	158.63
2013-08-20	159.56
2013-08-21	157.11
2013-08-22	159.41
2013-08-23	158.65
2013-08-26	157.9
2013-08-27	153.23
2013-08-28	152.97
2013-08-29	153.63
2013-08-30	152.13
2013-09-03	154.76
2013-09-04	155.74
2013-09-05	156.17
2013-09-06	156.66
2013-09-09	159.49
2013-09-10	165.14
2013-09-11	165.06
2013-09-12	163.35
2013-09-13	164.0
2013-09-16	167.03
2013-09-17	167.42
2013-09-18	168.06
2013-09-19	167.78
2013-09-20	169.75
2013-09-23	165.25
2013-09-24	162.97
2013-09-25	162.31
2013-09-26	162.29
2013-09-27	159.85
2013-09-30	158.21
2013-10-01	159.0
2013-10-02	158.67
2013-10-03	156.85
2013-10-04	156.55
2013-10-07	154.25
2013-10-08	153.05
2013-10-09	154.44
2013-10-10	158.01
2013-10-11	160.0
2013-10-14	159.46
2013-10-15	157.63
2013-10-16	162.25
2013-10-17	158.32
2013-10-18	158.69
2013-10-21	159.77
2013-10-22	159.25
2013-10-23	157.74
2013-10-24	159.96
2013-10-25	162.09
2013-10-28	161.45
2013-10-29	162.11
2013-10-30	162.05
2013-10-31	160.86
2013-11-01	162.05
2013-11-04	163.16
2013-11-05	161.95
2013-11-06	163.52
2013-11-07	159.64
2013-11-08	163.17
2013-11-11	163.84
2013-11-12	162.89
2013-11-13	162.94
2013-11-14	163.2
2013-11-15	164.4
2013-11-18	165.68
2013-11-19	166.6
2013-11-20	165.0
2013-11-21	167.07
2013-11-22	168.1
2013-11-25	169.48
2013-11-26	168.04
2013-11-27	168.22
2013-11-29	168.94
2013-12-02	169.72
2013-12-03	168.05
2013-12-04	168.7
2013-12-05	165.56
2013-12-06	167.21
2013-12-09	167.67
2013-12-10	169.73
2013-12-11	167.6
2013-12-12	168.33
2013-12-13	168.39
2013-12-16	170.95
2013-12-17	170.49
2013-12-18	174.84
2013-12-19	174.77
2013-12-20	175.16
2013-12-23	176.47
2013-12-24	176.16
2013-12-26	176.45
2013-12-27	176.35
2013-12-30	175.73
2013-12-31	177.26
2014-01-02	176.89
2014-01-03	178.15
2014-01-06	179.37
2014-01-07	178.29
2014-01-08	178.44
2014-01-09	177.4
2014-01-10	178.39
2014-01-13	175.88
2014-01-14	176.6
2014-01-15	178.75
2014-01-16	175.17
2014-01-17	176.28
2014-01-21	173.2
2014-01-22	173.68
2014-01-23	170.75
2014-01-24	167.64
2014-01-27	164.69
2014-01-28	166.25
2014-01-29	163.9
2014-01-30	165.84
2014-01-31	164.12
2014-02-03	159.82
2014-02-04	161.76
2014-02-05	160.42
2014-02-06	161.75
2014-02-07	161.93
2014-02-10	161.0
2014-02-11	164.39
2014-02-12	163.5
2014-02-13	164.06
2014-02-14	163.72
2014-02-18	164.65
2014-02-19	163.26
2014-02-20	164.5
2014-02-21	164.5
2014-02-24	166.54
2014-02-25	163.48
2014-02-26	162.8
2014-02-27	165.38
2014-02-28	166.45
2014-03-03	164.74
2014-03-04	168.73
2014-03-05	171.9
2014-03-06	172.6
2014-03-07	174.26
2014-03-10	173.51
2014-03-11	169.89
2014-03-12	169.72
2014-03-13	166.7
2014-03-14	165.35
2014-03-17	166.84
2014-03-18	168.09
2014-03-19	168.18
2014-03-20	169.22
2014-03-21	166.95
2014-03-24	165.72
2014-03-25	163.25
2014-03-26	161.73
2014-03-27	162.29
2014-03-28	162.3
2014-03-31	163.85
2014-04-01	165.92
2014-04-02	167.27
2014-04-03	166.09
2014-04-04	163.24
2014-04-07	158.56
2014-04-08	156.56
2014-04-09	158.16
2014-04-10	155.98
2014-04-11	152.72
2014-04-14	154.74
2014-04-15	154.92
2014-04-16	157.22
2014-04-17	157.44
2014-04-21	157.8
2014-04-22	160.46
2014-04-23	160.45
2014-04-24	160.85
2014-04-25	158.24
2014-04-28	156.54
2014-04-29	158.24
2014-04-30	159.82
2014-05-01	160.37
2014-05-02	158.88
2014-05-05	156.35
2014-05-06	154.54
2014-05-07	155.52
2014-05-08	157.4
2014-05-09	157.2
2014-05-12	159.55
2014-05-13	160.28
2014-05-14	159.45
2014-05-15	156.64
2014-05-16	156.43
2014-05-19	157.67
2014-05-20	156.35
2014-05-21	159.35
2014-05-22	159.85
2014-05-23	160.16
2014-05-27	161.77
2014-05-28	161.19
2014-05-29	160.74
2014-05-30	159.81
2014-06-02	160.03
2014-06-03	161.8
2014-06-04	162.39
2014-06-05	162.58
2014-06-06	166.19
2014-06-09	166.0
2014-06-10	166.36
2014-06-11	165.43
2014-06-12	165.96
2014-06-13	165.89
2014-06-16	165.85
2014-06-17	168.22
2014-06-18	169.86
2014-06-19	169.73
2014-06-20	169.84
2014-06-23	170.24
2014-06-24	168.23
2014-06-25	168.38
2014-06-26	168.01
2014-06-27	166.78
2014-06-30	167.44
2014-07-01	166.81
2014-07-02	166.89
2014-07-03	169.46
2014-07-07	167.78
2014-07-08	164.91
2014-07-09	164.67
2014-07-10	163.42
2014-07-11	164.8
2014-07-14	167.0
2014-07-15	169.17
2014-07-16	170.47
2014-07-17	170.14
2014-07-18	171.47
2014-07-21	171.72
2014-07-22	175.02
2014-07-23	176.82
2014-07-24	176.26
2014-07-25	179.6
2014-07-28	175.95
2014-07-29	175.54
2014-07-30	175.76
2014-07-31	172.87
2014-08-01	170.25
2014-08-04	171.69
2014-08-05	169.42
2014-08-06	169.74
2014-08-07	169.1
2014-08-08	172.26
2014-08-11	172.46
2014-08-12	172.33
2014-08-13	172.37
2014-08-14	172.73
2014-08-15	171.9
2014-08-18	174.55
2014-08-19	173.96
2014-08-20	174.03
2014-08-21	175.15
2014-08-22	175.47
2014-08-25	177.87
2014-08-26	177.9
2014-08-27	177.81
2014-08-28	177.65
2014-08-29	179.11
2014-09-02	179.77
2014-09-03	179.6
2014-09-04	180.08
2014-09-05	179.75
2014-09-08	180.11
2014-09-09	177.4
2014-09-10	179.87
2014-09-11	181.0
2014-09-12	183.17
2014-09-15	183.98
2014-09-16	184.04
2014-09-17	184.82
2014-09-18	187.89
2014-09-19	186.2
2014-09-22	185.29
2014-09-23	185.09
2014-09-24	187.81
2014-09-25	184.09
2014-09-26	185.12
2014-09-29	183.83
2014-09-30	183.57
2014-10-01	180.7
2014-10-02	182.88
2014-10-03	188.07
2014-10-06	187.48
2014-10-07	183.8
2014-10-08	186.64
2014-10-09	181.27
2014-10-10	180.38
2014-10-13	178.77
2014-10-14	178.7
2014-10-15	177.24
2014-10-16	172.58
2014-10-17	176.91
2014-10-20	177.84
2014-10-21	180.18
2014-10-22	176.83
2014-10-23	180.06
2014-10-24	183.35
2014-10-27	183.91
2014-10-28	186.32
2014-10-29	186.08
2014-10-30	190.18
2014-10-31	189.99
2014-11-03	190.83
2014-11-04	190.27
2014-11-05	189.84
2014-11-06	191.0
2014-11-07	190.71
2014-11-10	191.8
2014-11-11	191.88
2014-11-12	190.18
2014-11-13	190.24
2014-11-14	189.98
2014-11-17	189.93
2014-11-18	189.64
2014-11-19	189.19
2014-11-20	189.75
2014-11-21	189.59
2014-11-24	190.07
2014-11-25	188.86
2014-11-26	188.52
2014-11-28	188.41
2014-12-01	188.2
2014-12-02	190.19
2014-12-03	190.95
2014-12-04	191.95
2014-12-05	195.45
2014-12-08	196.62
2014-12-09	196.89
2014-12-10	192.0
2014-12-11	193.54
2014-12-12	188.82
2014-12-15	185.54
2014-12-16	183.31
2014-12-17	185.03
2014-12-18	191.61
2014-12-19	193.28
2014-12-22	194.44
2014-12-23	195.5
2014-12-24	195.89
2014-12-26	195.45
2014-12-29	196.19
2014-12-30	195.71
2014-12-31	193.83
2015-01-02	194.41
2015-01-05	188.34
2015-01-06	184.53
2015-01-07	187.28
2015-01-08	190.27
2015-01-09	187.35
2015-01-12	185.07
2015-01-13	184.93
2015-01-14	180.23
2015-01-15	178.49
2015-01-16	177.23
2015-01-20	175.63
2015-01-21	177.15
2015-01-22	182.04
2015-01-23	180.49
2015-01-26	180.42
2015-01-27	176.49
2015-01-28	173.05
2015-01-29	175.99
2015-01-30	172.41
2015-02-02	175.49
2015-02-03	180.24
2015-02-04	178.78
2015-02-05	180.77
2015-02-06	183.43
2015-02-09	182.22
2015-02-10	184.56
2015-02-11	187.65
2015-02-12	189.78
2015-02-13	189.0
2015-02-17	190.02
2015-02-18	188.67
2015-02-19	189.11
2015-02-20	191.51
2015-02-23	190.31
2015-02-24	192.22
2015-02-25	191.72
2015-02-26	192.2
2015-02-27	189.79
2015-03-02	191.79
2015-03-03	191.27
2015-03-04	189.67
2015-03-05	190.08
2015-03-06	186.91
2015-03-09	187.93
2015-03-10	182.71
2015-03-11	184.18
2015-03-12	189.95
2015-03-13	189.34
2015-03-16	191.9
2015-03-17	190.57
2015-03-18	192.32
2015-03-19	189.97
2015-03-20	193.13
2015-03-23	191.96
2015-03-24	191.28
2015-03-25	187.35
2015-03-26	187.24
2015-03-27	188.06
2015-03-30	191.02
2015-03-31	187.97
2015-04-01	192.23
2015-04-02	191.55
2015-04-06	192.05
2015-04-07	192.39
2015-04-08	192.56
2015-04-09	194.89
2015-04-10	195.64
2015-04-13	195.58
2015-04-14	197.72
2015-04-15	201.1
2015-04-16	200.21
2015-04-17	197.35
2015-04-20	198.1
2015-04-21	196.84
2015-04-22	198.32
2015-04-23	199.31
2015-04-24	197.99
2015-04-27	196.52
2015-04-28	197.49
2015-04-29	198.56
2015-04-30	196.42
2015-05-01	197.53
2015-05-04	199.3
2015-05-05	197.29
2015-05-06	196.25
2015-05-07	197.39
2015-05-08	200.5
2015-05-11	201.73
2015-05-12	200.53
2015-05-13	201.43
2015-05-14	202.62
2015-05-15	202.97
2015-05-18	204.66
2015-05-19	205.4
2015-05-20	205.08
2015-05-21	204.95
2015-05-22	207.8
2015-05-26	206.38
2015-05-27	209.06
2015-05-28	208.48
2015-05-29	206.19
2015-06-01	207.81
2015-06-02	206.43
2015-06-03	208.29
2015-06-04	208.87
2015-06-05	210.45
2015-06-08	209.79
2015-06-09	209.02
2015-06-10	213.13
2015-06-11	213.94
2015-06-12	213.06
2015-06-15	211.76
2015-06-16	213.56
2015-06-17	212.93
2015-06-18	214.6
2015-06-19	213.19
2015-06-22	216.51
2015-06-23	218.4
2015-06-24	214.43
2015-06-25	212.82
2015-06-26	213.17
2015-06-29	207.65
2015-06-30	208.79
2015-07-01	209.94
2015-07-02	209.2
2015-07-06	208.04
2015-07-07	208.21
2015-07-08	204.06
2015-07-09	204.81
2015-07-10	207.19
2015-07-13	210.12
2015-07-14	212.16
2015-07-15	212.96
2015-07-16	211.18
2015-07-17	212.46
2015-07-20	212.39
2015-07-21	211.5
2015-07-22	213.25
2015-07-23	211.05
2015-07-24	207.35
2015-07-27	205.02
2015-07-28	206.24
2015-07-29	206.84
2015-07-30	207.2
2015-07-31	205.07
2015-08-03	204.69
2015-08-04	205.17
2015-08-05	205.7
2015-08-06	205.09
2015-08-07	203.44
2015-08-10	205.97
2015-08-11	201.7
2015-08-12	201.13
2015-08-13	200.74
2015-08-14	202.02
2015-08-17	202.57
2015-08-18	201.18
2015-08-19	200.95
2015-08-20	196.75
2015-08-21	187.74
2015-08-24	179.46
2015-08-25	178.22
2015-08-26	184.4
2015-08-27	189.21
2015-08-28	187.75
2015-08-31	188.6
2015-09-01	182.12
2015-09-02	184.51
2015-09-03	185.06
2015-09-04	180.38
2015-09-08	185.88
2015-09-09	185.68
2015-09-10	185.91
2015-09-11	185.27
2015-09-14	183.94
2015-09-15	187.45
2015-09-16	188.64
2015-09-17	186.45
2015-09-18	180.94
2015-09-21	183.35
2015-09-22	179.72
2015-09-23	179.41
2015-09-24	176.91
2015-09-25	179.83
2015-09-28	173.02
2015-09-29	171.86
2015-09-30	173.76
2015-10-01	176.02
2015-10-02	177.01
2015-10-05	180.7
2015-10-06	180.32
2015-10-07	182.23
2015-10-08	181.07
2015-10-09	179.19
2015-10-12	180.23
2015-10-13	180.97
2015-10-14	179.51
2015-10-15	184.96
2015-10-16	185.18
2015-10-19	185.74
2015-10-20	185.51
2015-10-21	179.7
2015-10-22	183.56
2015-10-23	185.5
2015-10-26	187.01
2015-10-27	186.31
2015-10-28	191.32
2015-10-29	189.89
2015-10-30	187.5
2015-11-02	189.68
2015-11-03	190.69
2015-11-04	191.65
2015-11-05	192.02
2015-11-06	199.17
2015-11-09	196.76
2015-11-10	197.81
2015-11-11	197.39
2015-11-12	192.77
2015-11-13	190.39
2015-11-16	192.16
2015-11-17	190.57
2015-11-18	193.66
2015-11-19	193.03
2015-11-20	191.47
2015-11-23	189.19
2015-11-24	188.67
2015-11-25	189.15
2015-11-27	190.47
2015-11-30	190.02
2015-12-01	193.07
2015-12-02	190.26
2015-12-03	185.2
2015-12-04	189.99
2015-12-07	185.49
2015-12-08	182.92
2015-12-09	180.71
2015-12-10	182.11
2015-12-11	176.56
2015-12-14	176.4
2015-12-15	182.01
2015-12-16	186.21
2015-12-17	182.61
2015-12-18	175.49
2015-12-21	177.75
2015-12-22	180.05
2015-12-23	182.95
2015-12-24	182.47
2015-12-28	181.62
2015-12-29	183.53
2015-12-30	182.01
2015-12-31	180.23
2016-01-04	177.14
2016-01-05	174.09
2016-01-06	169.84
2016-01-07	164.62
2016-01-08	163.94
2016-01-11	165.73
2016-01-12	165.71
2016-01-13	158.99
2016-01-14	161.39
2016-01-15	155.61
2016-01-19	156.82
2016-01-20	153.75
2016-01-21	151.65
2016-01-22	156.86
2016-01-25	151.12
2016-01-26	154.45
2016-01-27	153.72
2016-01-28	157.06
2016-01-29	161.56
2016-02-01	159.65
2016-02-02	151.7
2016-02-03	152.68
2016-02-04	156.49
2016-02-05	156.47
2016-02-08	149.25
2016-02-09	148.25
2016-02-10	147.23
2016-02-11	140.69
2016-02-12	146.13
2016-02-16	149.02
2016-02-17	150.94
2016-02-18	147.73
2016-02-19	146.91
2016-02-22	148.79
2016-02-23	144.91
2016-02-24	145.56
2016-02-25	148.25
2016-02-26	150.25
2016-02-29	149.53
2016-03-01	154.65
2016-03-02	154.2
2016-03-03	155.33
2016-03-04	156.84
2016-03-07	155.35
2016-03-08	151.6
2016-03-09	149.91
2016-03-10	151.02
2016-03-11	153.94
2016-03-14	153.49
2016-03-15	152.03
2016-03-16	150.54
2016-03-17	152.91
2016-03-18	157.6
2016-03-21	156.29
2016-03-22	154.2
2016-03-23	154.08
2016-03-24	153.0
2016-03-28	153.84
2016-03-29	155.03
2016-03-30	156.5
2016-03-31	156.98
2016-04-01	159.82
2016-04-04	157.77
2016-04-05	155.35
2016-04-06	155.19
2016-04-07	150.41
2016-04-08	150.28
2016-04-11	152.2
2016-04-12	154.31
2016-04-13	159.85
2016-04-14	160.91
2016-04-15	158.52
2016-04-18	159.02
2016-04-19	162.65
2016-04-20	166.98
2016-04-21	165.32
2016-04-22	166.75
2016-04-25	165.09
2016-04-26	165.84
2016-04-27	166.92
2016-04-28	164.29
2016-04-29	164.11
2016-05-02	166.18
2016-05-03	163.14
2016-05-04	160.07
2016-05-05	159.53
2016-05-06	158.85
2016-05-09	157.51
2016-05-10	161.42
2016-05-11	159.42
2016-05-12	158.07
2016-05-13	155.34
2016-05-16	155.38
2016-05-17	154.65
2016-05-18	159.94
2016-05-19	154.7
2016-05-20	154.51
2016-05-23	155.45
2016-05-24	157.59
2016-05-25	161.25
2016-05-26	159.83
2016-05-27	159.53
2016-05-31	159.48
2016-06-01	159.97
2016-06-02	159.28
2016-06-03	155.67
2016-06-06	157.06
2016-06-07	155.17
2016-06-08	154.64
2016-06-09	153.17
2016-06-10	149.89
2016-06-13	148.63
2016-06-14	146.19
2016-06-15	146.16
2016-06-16	146.63
2016-06-17	145.64
2016-06-20	147.75
2016-06-21	148.35
2016-06-22	148.14
2016-06-23	152.66
2016-06-24	141.86
2016-06-27	139.51
2016-06-28	142.41
2016-06-29	145.5
2016-06-30	148.58
2016-07-01	148.25
2016-07-05	144.45
2016-07-06	145.58
2016-07-07	147.0
2016-07-08	150.38
2016-07-11	152.19
2016-07-12	156.92
2016-07-13	157.92
2016-07-14	162.54
2016-07-15	161.64
2016-07-18	163.33
2016-07-19	161.41
2016-07-20	161.77
2016-07-21	160.05
2016-07-22	160.41
2016-07-25	160.51
2016-07-26	161.16
2016-07-27	160.99
2016-07-28	160.53
2016-07-29	158.81
2016-08-01	158.18
2016-08-02	156.06
2016-08-03	158.34
2016-08-04	158.05
2016-08-05	162.09
2016-08-08	162.83
2016-08-09	163.44
2016-08-10	162.19
2016-08-11	163.86
2016-08-12	163.25
2016-08-15	165.55
2016-08-16	165.65
2016-08-17	165.67
2016-08-18	166.06
2016-08-19	166.23
2016-08-22	166.26
2016-08-23	166.08
2016-08-24	165.3
2016-08-25	165.9
2016-08-26	165.97
2016-08-29	166.88
2016-08-30	169.37
2016-08-31	169.46
2016-09-01	168.51
2016-09-02	169.18
2016-09-06	169.33
2016-09-07	169.67
2016-09-08	171.66
2016-09-09	168.57
2016-09-12	171.06
2016-09-13	167.0
2016-09-14	166.16
2016-09-15	168.08
2016-09-16	166.0
2016-09-19	166.21
2016-09-20	166.47
2016-09-21	167.03
2016-09-22	168.02
2016-09-23	165.13
2016-09-26	161.48
2016-09-27	162.89
2016-09-28	163.45
2016-09-29	158.95
2016-09-30	161.27
2016-10-03	161.07
2016-10-04	162.27
2016-10-05	166.4
2016-10-06	167.15
2016-10-07	169.83
2016-10-10	171.04
2016-10-11	169.04
2016-10-12	169.3
2016-10-13	167.42
2016-10-14	170.52
2016-10-17	169.0
2016-10-18	172.63
2016-10-19	174.51
2016-10-20	174.51
2016-10-21	174.67
2016-10-24	175.12
2016-10-25	175.55
2016-10-26	177.07
2016-10-27	177.75
2016-10-28	177.14
2016-10-31	178.24
2016-11-01	178.06
2016-11-02	176.58
2016-11-03	176.21
2016-11-04	175.92
2016-11-07	181.48
2016-11-08	181.92
2016-11-09	192.63
2016-11-10	200.87
2016-11-11	203.94
2016-11-14	209.18
2016-11-15	211.19
2016-11-16	206.26
2016-11-17	209.63
2016-11-18	210.35
2016-11-21	211.08
2016-11-22	211.11
2016-11-23	212.31
2016-11-25	211.38
2016-11-28	210.35
2016-11-29	211.75
2016-11-30	219.29
2016-12-01	226.63
2016-12-02	223.36
2016-12-05	228.55
2016-12-06	231.38
2016-12-07	235.56
2016-12-08	241.45
2016-12-09	241.85
2016-12-12	237.17
2016-12-13	238.55
2016-12-14	239.93
2016-12-15	243.0
2016-12-16	238.9
2016-12-19	239.07
2016-12-20	243.09
2016-12-21	241.44
2016-12-22	240.12
2016-12-23	240.97
2016-12-27	241.56
2016-12-28	240.65
2016-12-29	238.18
2016-12-30	239.45
2017-01-03	241.57
2017-01-04	243.13
2017-01-05	241.32
2017-01-06	244.9
2017-01-09	242.89
2017-01-10	242.57
2017-01-11	245.76
2017-01-12	243.84
2017-01-13	244.3
2017-01-17	235.74
2017-01-18	234.29
2017-01-19	231.41
2017-01-20	232.2
2017-01-23	232.67
2017-01-24	233.68
2017-01-25	237.25
2017-01-26	239.58
2017-01-27	236.95
2017-01-30	233.9
2017-01-31	229.32
2017-02-01	230.67
2017-02-02	230.41
2017-02-03	240.95
2017-02-06	239.98
2017-02-07	239.62
2017-02-08	237.73
2017-02-09	241.55
2017-02-10	242.72
2017-02-13	246.27
2017-02-14	249.46
2017-02-15	250.54
2017-02-16	249.44
2017-02-17	250.38
2017-02-21	251.76
2017-02-22	251.73
2017-02-23	251.19
2017-02-24	247.35
2017-02-27	249.33
2017-02-28	248.06
2017-03-01	252.71
2017-03-02	251.06
2017-03-03	252.89
2017-03-06	252.01
2017-03-07	250.9
2017-03-08	250.24
2017-03-09	250.18
2017-03-10	248.38
2017-03-13	248.16
2017-03-14	247.72
2017-03-15	246.78
2017-03-16	248.22
2017-03-17	243.94
2017-03-20	242.14
2017-03-21	233.0
2017-03-22	231.07
2017-03-23	231.9
2017-03-24	228.41
2017-03-27	225.48
2017-03-28	229.33
2017-03-29	228.45
2017-03-30	231.22
2017-03-31	229.72
2017-04-03	228.96
2017-04-04	229.26
2017-04-05	227.66
2017-04-06	228.64
2017-04-07	227.88
2017-04-10	228.89
2017-04-11	227.74
2017-04-12	225.75
2017-04-13	223.32
2017-04-17	226.26
2017-04-18	215.59
2017-04-19	214.09
2017-04-20	218.06
2017-04-21	216.86
2017-04-24	223.22
2017-04-25	226.63
2017-04-26	226.2
2017-04-27	225.81
2017-04-28	223.8
2017-05-01	224.85
2017-05-02	225.12
2017-05-03	226.31
2017-05-04	226.59
2017-05-05	226.87
2017-05-08	225.03
2017-05-09	223.76
2017-05-10	224.88
2017-05-11	224.76
2017-05-12	222.82
2017-05-15	225.12
2017-05-16	225.6
2017-05-17	213.72
2017-05-18	215.16
2017-05-19	215.39
2017-05-22	216.02
2017-05-23	219.64
2017-05-24	223.83
2017-05-25	222.47
2017-05-26	223.53
2017-05-30	218.42
2017-05-31	211.26
2017-06-01	215.01
2017-06-02	213.31
2017-06-05	213.99
2017-06-06	214.53
2017-06-07	215.78
2017-06-08	218.76
2017-06-09	222.44
2017-06-12	221.91
2017-06-13	224.2
2017-06-14	226.51
2017-06-15	223.23
2017-06-16	221.81
2017-06-19	226.13
2017-06-20	225.1
2017-06-21	222.49
2017-06-22	219.77
2017-06-23	217.19
2017-06-26	220.44
2017-06-27	220.28
2017-06-28	223.22
2017-06-29	224.41
2017-06-30	221.9
2017-07-03	227.28
2017-07-05	228.04
2017-07-06	226.69
2017-07-07	225.28
2017-07-10	225.84
2017-07-11	226.95
2017-07-12	227.39
2017-07-13	230.4
2017-07-14	228.6
2017-07-17	229.26
2017-07-18	223.31
2017-07-19	222.87
2017-07-20	222.3
2017-07-21	220.18
2017-07-24	218.18
2017-07-25	221.58
2017-07-26	222.25
2017-07-27	221.48
2017-07-28	223.61
2017-07-31	225.33
2017-08-01	227.0
2017-08-02	226.27
2017-08-03	223.99
2017-08-04	229.79
2017-08-07	232.92
2017-08-08	232.05
2017-08-09	231.01
2017-08-10	225.5
2017-08-11	224.15
2017-08-14	227.36
2017-08-15	227.59
2017-08-16	225.61
2017-08-17	221.42
2017-08-18	222.15
2017-08-21	220.79
2017-08-22	223.58
2017-08-23	222.74
2017-08-24	222.99
2017-08-25	222.47
2017-08-28	220.35
2017-08-29	219.96
2017-08-30	222.42
2017-08-31	223.74
2017-09-01	225.88
2017-09-05	217.78
2017-09-06	218.83
2017-09-07	215.84
2017-09-08	217.21
2017-09-11	221.06
2017-09-12	225.95
2017-09-13	226.56
2017-09-14	226.85
2017-09-15	225.22
2017-09-18	227.53
2017-09-19	228.91
2017-09-20	229.79
2017-09-21	231.29
2017-09-22	231.03
2017-09-25	230.26
2017-09-26	229.94
2017-09-27	234.76
2017-09-28	235.47
2017-09-29	237.19
2017-10-02	240.65
2017-10-03	241.62
2017-10-04	240.31
2017-10-05	246.06
2017-10-06	246.02
2017-10-09	242.8
2017-10-10	242.6
2017-10-11	242.4
2017-10-12	239.8
2017-10-13	238.53
2017-10-16	242.41
2017-10-17	236.09
2017-10-18	242.03
2017-10-19	239.99
2017-10-20	244.73
2017-10-23	242.13
2017-10-24	244.84
2017-10-25	241.74
2017-10-26	241.72
2017-10-27	241.71
2017-10-30	240.89
2017-10-31	242.48
2017-11-01	244.26
2017-11-02	246.88
2017-11-03	244.4
2017-11-06	243.49
2017-11-07	239.81
2017-11-08	241.25
2017-11-09	240.79
2017-11-10	240.15
2017-11-13	240.27
2017-11-14	237.24
2017-11-15	237.61
2017-11-16	239.37
2017-11-17	238.02
2017-11-20	238.13
2017-11-21	238.02
2017-11-22	236.43
2017-11-24	235.95
2017-11-27	235.11
2017-11-28	239.41
2017-11-29	241.36
2017-11-30	247.64
2017-12-01	248.95
2017-12-04	250.65
2017-12-05	248.33
2017-12-06	245.95
2017-12-07	248.56
2017-12-08	250.35
2017-12-11	250.13
2017-12-12	257.68
2017-12-13	255.56
2017-12-14	255.48
2017-12-15	257.17
2017-12-18	260.02
2017-12-19	256.48
2017-12-20	255.18
2017-12-21	261.01
2017-12-22	258.97
2017-12-26	257.72
2017-12-27	255.95
2017-12-28	256.5
2017-12-29	254.76
2018-01-02	255.67
2018-01-03	253.29
2018-01-04	256.83
2018-01-05	255.52
2018-01-08	251.81
2018-01-09	253.94
2018-01-10	254.33
2018-01-11	255.13
2018-01-12	257.03
2018-01-16	258.46
2018-01-17	253.65
2018-01-18	250.97
2018-01-19	256.12
2018-01-22	261.52
2018-01-23	260.09
2018-01-24	265.68
2018-01-25	269.03
2018-01-26	268.14
2018-01-29	272.48
2018-01-30	268.94
2018-01-31	267.89
2018-02-01	272.23
2018-02-02	260.04
2018-02-05	249.11
2018-02-06	258.7
2018-02-07	257.1
2018-02-08	246.35
2018-02-09	249.3
2018-02-12	253.16
2018-02-13	255.53
2018-02-14	262.58
2018-02-15	267.68
2018-02-16	267.62
2018-02-20	264.89
2018-02-21	263.4
2018-02-22	261.43
2018-02-23	266.77
2018-02-26	271.26
2018-02-27	267.93
2018-02-28	262.93
2018-03-01	256.78
2018-03-02	258.12
2018-03-05	263.12
2018-03-06	266.93
2018-03-07	265.35
2018-03-08	266.34
2018-03-09	270.77
2018-03-12	273.38
2018-03-13	268.53
2018-03-14	264.43
2018-03-15	266.61
2018-03-16	267.6
2018-03-19	262.53
2018-03-20	263.19
2018-03-21	261.85
2018-03-22	252.6
2018-03-23	245.26
2018-03-26	254.88
2018-03-27	247.26
2018-03-28	249.37
2018-03-29	251.86
2018-04-02	247.35
2018-04-03	250.58
2018-04-04	252.62
2018-04-05	255.81
2018-04-06	249.97
2018-04-09	252.19
2018-04-10	256.57
2018-04-11	252.94
2018-04-12	259.59
2018-04-13	255.92
2018-04-16	257.88
2018-04-17	253.63
2018-04-18	254.0
2018-04-19	254.17
2018-04-20	251.96
2018-04-23	246.67
2018-04-24	242.49
2018-04-25	239.23
2018-04-26	240.09
2018-04-27	239.8
2018-04-30	238.33
2018-05-01	236.67
2018-05-02	234.05
2018-05-03	233.41
2018-05-04	234.94
2018-05-07	237.2
2018-05-08	237.0
2018-05-09	241.73
2018-05-10	243.44
2018-05-11	242.92
2018-05-14	243.91
2018-05-15	241.56
2018-05-16	240.96
2018-05-17	239.1
2018-05-18	237.0
2018-05-21	237.7
2018-05-22	238.0
2018-05-23	237.81
2018-05-24	236.1
2018-05-25	235.01
2018-05-29	227.03
2018-05-30	229.16
2018-05-31	225.88
2018-06-01	228.35
2018-06-04	229.89
2018-06-05	228.34
2018-06-06	232.23
2018-06-07	233.45
2018-06-08	233.39
2018-06-11	234.09
2018-06-12	232.63
2018-06-13	233.83
2018-06-14	233.65
2018-06-15	231.92
2018-06-18	231.39
2018-06-19	228.32
2018-06-20	227.82
2018-06-21	226.98
2018-06-22	226.02
2018-06-25	221.54
2018-06-26	221.58
2018-06-27	220.18
2018-06-28	223.42
2018-06-29	220.57
2018-07-02	223.26
2018-07-03	220.38
2018-07-05	220.74
2018-07-06	221.79
2018-07-09	227.99
2018-07-10	226.85
2018-07-11	225.66
2018-07-12	227.22
2018-07-13	226.41
2018-07-16	231.44
2018-07-17	231.02
2018-07-18	231.24
2018-07-19	229.63
2018-07-20	231.69
2018-07-23	233.76
2018-07-24	235.88
2018-07-25	236.69
2018-07-26	237.11
2018-07-27	237.64
2018-07-30	238.95
2018-07-31	237.43
2018-08-01	236.04
2018-08-02	233.99
2018-08-03	234.09
2018-08-06	235.93
2018-08-07	237.83
2018-08-08	236.37
2018-08-09	233.78
2018-08-10	229.61
2018-08-13	226.86
2018-08-14	229.56
2018-08-15	229.25
2018-08-16	233.0
2018-08-17	233.38
2018-08-20	235.78
2018-08-21	238.65
2018-08-22	239.34
2018-08-23	236.34
2018-08-24	235.11
2018-08-27	242.6
2018-08-28	242.37
2018-08-29	241.4
2018-08-30	239.4
2018-08-31	237.81
2018-09-04	237.66
2018-09-05	237.56
2018-09-06	234.52
2018-09-07	233.91
2018-09-10	231.91
2018-09-11	230.21
2018-09-12	228.15
2018-09-13	228.33
2018-09-14	229.24
2018-09-17	227.89
2018-09-18	228.89
2018-09-19	235.58
2018-09-20	237.4
2018-09-21	235.34
2018-09-24	232.9
2018-09-25	232.5
2018-09-26	228.88
2018-09-27	227.74
2018-09-28	224.24
2018-10-01	225.33
2018-10-02	226.07
2018-10-03	227.78
2018-10-04	227.48
2018-10-05	225.71
2018-10-08	225.35
2018-10-09	222.91
2018-10-10	214.89
2018-10-11	212.97
2018-10-12	213.87
2018-10-15	215.22
2018-10-16	221.7
2018-10-17	228.28
2018-10-18	224.95
2018-10-19	226.96
2018-10-22	221.6
2018-10-23	218.56
2018-10-24	209.18
2018-10-25	214.01
2018-10-26	212.36
2018-10-29	214.49
2018-10-30	219.28
2018-10-31	225.37
2018-11-01	226.97
2018-11-02	229.69
2018-11-05	228.72
2018-11-06	228.2
2018-11-07	231.28
2018-11-08	231.65
2018-11-09	222.65
2018-11-12	206.05
2018-11-13	205.05
2018-11-14	202.49
2018-11-15	203.74
2018-11-16	202.12
2018-11-19	198.22
2018-11-20	191.34
2018-11-21	192.6
2018-11-23	189.1
2018-11-26	194.34
2018-11-27	193.65
2018-11-28	198.35
2018-11-29	194.85
2018-11-30	190.69
2018-12-03	191.63
2018-12-04	184.31
2018-12-06	184.09
2018-12-07	179.67
2018-12-10	178.83
2018-12-11	176.8
2018-12-12	176.7
2018-12-13	175.92
2018-12-14	172.77
2018-12-17	168.01
2018-12-18	171.5
2018-12-19	169.25
2018-12-20	168.41
2018-12-21	160.05
2018-12-24	156.35
2018-12-26	162.93
2018-12-27	165.41
2018-12-28	163.03
2018-12-31	167.05
2019-01-02	172.03
2019-01-03	169.51
2019-01-04	175.05
2019-01-07	176.02
2019-01-08	175.37
2019-01-09	176.47
2019-01-10	176.0
2019-01-11	176.93
2019-01-14	178.72
2019-01-15	179.91
2019-01-16	197.08
2019-01-17	199.09
2019-01-18	202.54
2019-01-22	197.68
2019-01-23	196.9
2019-01-24	197.8
2019-01-25	200.74
2019-01-28	199.72
2019-01-29	200.5
2019-01-30	202.48
2019-01-31	198.01
2019-02-01	196.54
2019-02-04	197.72
2019-02-05	198.01
2019-02-06	196.62
2019-02-07	193.07
2019-02-08	191.67
2019-02-11	191.33
2019-02-12	194.49
2019-02-13	194.69
2019-02-14	192.53
2019-02-15	198.5
2019-02-19	198.67
2019-02-20	198.6
2019-02-21	196.36
2019-02-22	196.0
2019-02-25	198.65
2019-02-26	198.9
2019-02-27	198.1
2019-02-28	196.7
2019-03-01	198.2
2019-03-04	195.98
2019-03-05	196.0
2019-03-06	194.74
2019-03-07	192.77
2019-03-08	195.24
2019-03-11	195.97
2019-03-12	196.63
2019-03-13	197.25
2019-03-14	197.47
2019-03-15	198.26
2019-03-18	202.47
2019-03-19	201.12
2019-03-20	194.32
2019-03-21	194.58
2019-03-22	188.96
2019-03-25	188.51
2019-03-26	190.69
2019-03-27	190.03
2019-03-28	191.18
2019-03-29	191.99
2019-04-01	196.74
2019-04-02	197.5
2019-04-03	200.86
2019-04-04	202.23
2019-04-05	202.38
2019-04-08	202.54
2019-04-09	200.62
2019-04-10	202.98
2019-04-11	202.83
2019-04-12	207.84
2019-04-15	199.91
2019-04-16	201.84
2019-04-17	207.9
2019-04-18	205.91
2019-04-22	204.6
2019-04-23	204.14
2019-04-24	200.54
2019-04-25	201.4
2019-04-26	203.08
2019-04-29	206.92
2019-04-30	205.92
2019-05-01	204.73
2019-05-02	204.99
2019-05-03	207.52
2019-05-06	206.43
2019-05-07	202.63
2019-05-08	200.95
2019-05-09	201.63
2019-05-10	202.05
2019-05-13	194.97
2019-05-14	196.28
2019-05-15	196.4
2019-05-16	199.14
2019-05-17	197.43
2019-05-20	197.24
2019-05-21	199.11
2019-05-22	195.52
2019-05-23	191.97
2019-05-24	193.0
2019-05-28	189.44
2019-05-29	188.05
2019-05-30	187.37
2019-05-31	182.49
2019-06-03	183.19
2019-06-04	189.88
2019-06-05	188.44
2019-06-06	189.81
2019-06-07	189.81
2019-06-10	194.12
2019-06-11	194.73
2019-06-12	190.22
2019-06-13	191.45
2019-06-14	191.66
2019-06-17	190.83
2019-06-18	194.98
2019-06-19	195.64
2019-06-20	195.7
2019-06-21	195.94
2019-06-24	197.49
2019-06-25	196.06
2019-06-26	197.01
2019-06-27	199.32
2019-06-28	204.6
2019-07-01	206.86
2019-07-02	205.98
2019-07-03	206.04
2019-07-05	207.9
2019-07-08	205.75
2019-07-09	207.77
2019-07-10	205.97
2019-07-11	211.35
2019-07-12	213.94
2019-07-15	211.58
2019-07-16	215.52
2019-07-17	213.3
2019-07-18	214.52
2019-07-19	213.52
2019-07-22	214.0
2019-07-23	219.43
2019-07-24	222.03
2019-07-25	218.83
